{
  "minifier": {
    "name": "standard-minifier-js",
    "version": "2.1.1"
  },
  "totalMinifiedBytes": 2977292,
  "totalMinifiedGzipBytes": 752225,
  "minifiedBytesByPackage": {
    "packages/meteor.js": 8650,
    "packages/meteor-base.js": 68,
    "packages/mobile-experience.js": 74,
    "packages/babel-compiler.js": 71,
    "packages/ecmascript.js": 64,
    "packages/underscore.js": 14436,
    "packages/base64.js": 1714,
    "packages/ejson.js": 6017,
    "packages/id-map.js": 1166,
    "packages/ordered-dict.js": 2885,
    "packages/tracker.js": 4878,
    "packages/modules-runtime.js": 4015,
    "packages/modules.js": [
      1216086,
      {
        "node_modules": {
          "meteor": {
            "modules": {
              "client.js": 124,
              "css.js": 261,
              "install-packages.js": 1812,
              "process.js": 312,
              "reify.js": 147,
              "stubs.js": 97,
              "node_modules": {
                "reify": {
                  "lib": {
                    "runtime": {
                      "index.js": 845,
                      "utils.js": 1428,
                      "entry.js": 3350
                    }
                  }
                }
              }
            }
          },
          "babel-runtime": {
            "helpers": {
              "typeof.js": 626,
              "toConsumableArray.js": 261,
              "classCallCheck.js": 146,
              "possibleConstructorReturn.js": 332,
              "inherits.js": 543,
              "slicedToArray.js": 587
            },
            "core-js": {
              "symbol": {
                "iterator.js": 90
              },
              "symbol.js": 81,
              "array": {
                "from.js": 85
              },
              "object": {
                "set-prototype-of.js": 98,
                "create.js": 88
              },
              "is-iterable.js": 86,
              "get-iterator.js": 87
            },
            "regenerator": {
              "index.js": 51
            }
          },
          "core-js": {
            "library": {
              "fn": {
                "symbol": {
                  "iterator.js": 143,
                  "index.js": 214
                },
                "array": {
                  "from.js": 135
                },
                "object": {
                  "set-prototype-of.js": 120,
                  "create.js": 139
                },
                "is-iterable.js": 128,
                "get-iterator.js": 129
              },
              "modules": {
                "es6.string.iterator.js": 258,
                "_string-at.js": 319,
                "_to-integer.js": 102,
                "_defined.js": 105,
                "_iter-define.js": 1011,
                "_library.js": 29,
                "_export.js": 756,
                "_global.js": 188,
                "_core.js": 80,
                "_ctx.js": 303,
                "_a-function.js": 113,
                "_hide.js": 167,
                "_object-dp.js": 334,
                "_an-object.js": 121,
                "_is-object.js": 94,
                "_ie8-dom-define.js": 168,
                "_descriptors.js": 123,
                "_fails.js": 74,
                "_dom-create.js": 147,
                "_to-primitive.js": 342,
                "_property-desc.js": 111,
                "_redefine.js": 39,
                "_has.js": 84,
                "_iterators.js": 29,
                "_iter-create.js": 255,
                "_object-create.js": 556,
                "_object-dps.js": 225,
                "_object-keys.js": 127,
                "_object-keys-internal.js": 261,
                "_to-iobject.js": 94,
                "_iobject.js": 143,
                "_cof.js": 86,
                "_array-includes.js": 291,
                "_to-length.js": 113,
                "_to-absolute-index.js": 122,
                "_shared-key.js": 107,
                "_shared.js": 124,
                "_uid.js": 129,
                "_enum-bug-keys.js": 133,
                "_html.js": 77,
                "_set-to-string-tag.js": 173,
                "_wks.js": 188,
                "_object-gpo.js": 290,
                "_to-object.js": 81,
                "web.dom.iterable.js": 668,
                "es6.array.iterator.js": 425,
                "_add-to-unscopables.js": 39,
                "_iter-step.js": 66,
                "_wks-ext.js": 30,
                "es6.symbol.js": 3502,
                "_meta.js": 608,
                "_wks-define.js": 226,
                "_keyof.js": 160,
                "_enum-keys.js": 208,
                "_object-gops.js": 47,
                "_object-pie.js": 42,
                "_is-array.js": 94,
                "_object-gopn-ext.js": 316,
                "_object-gopn.js": 163,
                "_object-gopd.js": 313,
                "es6.object.to-string.js": 12,
                "es7.symbol.async-iterator.js": 48,
                "es7.symbol.observable.js": 45,
                "es6.array.from.js": 656,
                "_iter-call.js": 161,
                "_is-array-iter.js": 150,
                "_create-property.js": 134,
                "core.get-iterator-method.js": 189,
                "_classof.js": 343,
                "_iter-detect.js": 303,
                "es6.object.set-prototype-of.js": 88,
                "_set-proto.js": 444,
                "es6.object.create.js": 80,
                "core.is-iterable.js": 210,
                "core.get-iterator.js": 216
              }
            },
            "modules": {
              "es6.symbol.js": 3502,
              "_global.js": 188,
              "_has.js": 84,
              "_descriptors.js": 123,
              "_fails.js": 74,
              "_export.js": 509,
              "_core.js": 80,
              "_hide.js": 167,
              "_object-dp.js": 334,
              "_an-object.js": 121,
              "_is-object.js": 94,
              "_ie8-dom-define.js": 168,
              "_dom-create.js": 147,
              "_to-primitive.js": 342,
              "_property-desc.js": 111,
              "_redefine.js": 490,
              "_uid.js": 129,
              "_ctx.js": 303,
              "_a-function.js": 113,
              "_meta.js": 608,
              "_shared.js": 124,
              "_set-to-string-tag.js": 173,
              "_wks.js": 188,
              "_wks-ext.js": 30,
              "_wks-define.js": 226,
              "_library.js": 29,
              "_keyof.js": 160,
              "_object-keys.js": 127,
              "_object-keys-internal.js": 261,
              "_to-iobject.js": 94,
              "_iobject.js": 143,
              "_cof.js": 86,
              "_defined.js": 105,
              "_array-includes.js": 291,
              "_to-length.js": 113,
              "_to-integer.js": 102,
              "_to-absolute-index.js": 122,
              "_shared-key.js": 107,
              "_enum-bug-keys.js": 133,
              "_enum-keys.js": 208,
              "_object-gops.js": 47,
              "_object-pie.js": 42,
              "_is-array.js": 94,
              "_object-create.js": 556,
              "_object-dps.js": 225,
              "_html.js": 77,
              "_object-gopn-ext.js": 316,
              "_object-gopn.js": 163,
              "_object-gopd.js": 313,
              "es6.map.js": 346,
              "_collection-strong.js": 1594,
              "_redefine-all.js": 104,
              "_an-instance.js": 140,
              "_for-of.js": 518,
              "_iter-call.js": 161,
              "_is-array-iter.js": 150,
              "_iterators.js": 29,
              "core.get-iterator-method.js": 189,
              "_classof.js": 343,
              "_iter-define.js": 1011,
              "_iter-create.js": 255,
              "_object-gpo.js": 290,
              "_to-object.js": 81,
              "_iter-step.js": 66,
              "_set-species.js": 219,
              "_validate-collection.js": 151,
              "_collection.js": 1285,
              "_iter-detect.js": 303,
              "_inherit-if-required.js": 198,
              "_set-proto.js": 444,
              "es6.set.js": 280,
              "es6.string.iterator.js": 258,
              "_string-at.js": 319,
              "es6.array.is-array.js": 75,
              "es6.array.from.js": 656,
              "_create-property.js": 134,
              "es6.array.of.js": 312,
              "es6.array.join.js": 211,
              "_strict-method.js": 143,
              "es6.array.slice.js": 415,
              "es6.array.sort.js": 308,
              "es6.array.for-each.js": 189,
              "_array-methods.js": 493,
              "_array-species-create.js": 101,
              "_array-species-constructor.js": 257,
              "es6.array.map.js": 177,
              "es6.array.filter.js": 183,
              "es6.array.some.js": 179,
              "es6.array.every.js": 181,
              "es6.array.reduce.js": 199,
              "_array-reduce.js": 368,
              "es6.array.reduce-right.js": 209,
              "es6.array.index-of.js": 251,
              "es6.array.last-index-of.js": 429,
              "es6.array.copy-within.js": 128,
              "_array-copy-within.js": 367,
              "_add-to-unscopables.js": 136,
              "es6.array.fill.js": 109,
              "_array-fill.js": 279,
              "es6.array.find.js": 254,
              "es6.array.find-index.js": 264,
              "es6.array.species.js": 41,
              "es6.array.iterator.js": 425,
              "es6.function.bind.js": 71,
              "_bind.js": 476,
              "_invoke.js": 343,
              "es6.function.name.js": 215,
              "es6.function.has-instance.js": 317,
              "es6.math.acosh.js": 257,
              "_math-log1p.js": 102,
              "es6.math.asinh.js": 173,
              "es6.math.atanh.js": 146,
              "es6.math.cbrt.js": 130,
              "_math-sign.js": 86,
              "es6.math.clz32.js": 129,
              "es6.math.cosh.js": 104,
              "es6.math.expm1.js": 98,
              "_math-expm1.js": 191,
              "es6.math.fround.js": 76,
              "_math-fround.js": 273,
              "es6.math.hypot.js": 230,
              "es6.math.imul.js": 252,
              "es6.math.log10.js": 101,
              "es6.math.log1p.js": 74,
              "es6.math.log2.js": 97,
              "es6.math.sign.js": 72,
              "es6.math.sinh.js": 232,
              "es6.math.tanh.js": 168,
              "es6.math.trunc.js": 106,
              "es6.object.create.js": 80,
              "es6.object.define-property.js": 111,
              "es6.object.define-properties.js": 112,
              "es6.object.get-own-property-descriptor.js": 161,
              "_object-sap.js": 185,
              "es6.object.get-prototype-of.js": 143,
              "es6.object.keys.js": 134,
              "es6.object.get-own-property-names.js": 99,
              "es6.object.freeze.js": 149,
              "es6.object.seal.js": 147,
              "es6.object.prevent-extensions.js": 160,
              "es6.object.is-frozen.js": 125,
              "es6.object.is-sealed.js": 125,
              "es6.object.is-extensible.js": 131,
              "es6.object.assign.js": 84,
              "_object-assign.js": 538,
              "es6.object.is.js": 73,
              "_same-value.js": 94,
              "es6.object.set-prototype-of.js": 88,
              "es6.object.to-string.js": 198,
              "es6.regexp.constructor.js": 755,
              "_is-regexp.js": 158,
              "_flags.js": 206,
              "es6.regexp.to-string.js": 433,
              "es6.regexp.flags.js": 132,
              "es6.regexp.match.js": 193,
              "_fix-re-wks.js": 379,
              "es6.regexp.replace.js": 193,
              "es6.regexp.search.js": 194,
              "es6.regexp.split.js": 1193,
              "es6.string.from-code-point.js": 385,
              "es6.string.raw.js": 252,
              "es6.string.trim.js": 104,
              "_string-trim.js": 390,
              "_string-ws.js": 108,
              "es6.string.code-point-at.js": 132,
              "es6.string.ends-with.js": 351,
              "_string-context.js": 167,
              "_fails-is-regexp.js": 153,
              "es6.string.includes.js": 228,
              "es6.string.repeat.js": 80,
              "_string-repeat.js": 237,
              "es6.string.starts-with.js": 331,
              "es6.string.anchor.js": 118,
              "_string-html.js": 357,
              "es6.string.big.js": 113,
              "es6.string.blink.js": 117,
              "es6.string.bold.js": 112,
              "es6.string.fixed.js": 114,
              "es6.string.fontcolor.js": 125,
              "es6.string.fontsize.js": 123,
              "es6.string.italics.js": 115,
              "es6.string.link.js": 116,
              "es6.string.small.js": 117,
              "es6.string.strike.js": 119,
              "es6.string.sub.js": 113,
              "es6.string.sup.js": 113,
              "es6.weak-map.js": 886,
              "_collection-weak.js": 1097,
              "web.dom.iterable.js": 886,
              "es6.weak-set.js": 265,
              "es7.array.includes.js": 211,
              "es7.array.flat-map.js": 330,
              "_flatten-into-array.js": 409,
              "es7.array.flatten.js": 336,
              "es7.object.get-own-property-descriptors.js": 279,
              "_own-keys.js": 196,
              "es7.object.values.js": 115,
              "_object-to-array.js": 231,
              "es7.object.entries.js": 116,
              "es7.object.define-getter.js": 262,
              "_object-forced-pam.js": 172,
              "es7.object.define-setter.js": 262,
              "es7.object.lookup-getter.js": 299,
              "es7.object.lookup-setter.js": 299,
              "es6.number.epsilon.js": 75,
              "es6.number.is-finite.js": 132,
              "es6.number.is-integer.js": 80,
              "_is-integer.js": 113,
              "es6.number.is-nan.js": 84,
              "es6.number.is-safe-integer.js": 148,
              "es6.number.max-safe-integer.js": 85,
              "es6.number.min-safe-integer.js": 86,
              "es6.number.parse-float.js": 113,
              "_parse-float.js": 200,
              "es6.number.parse-int.js": 107,
              "_parse-int.js": 228,
              "es6.typed.uint8-array.js": 103,
              "_typed-array.js": 6941,
              "_typed.js": 382,
              "_typed-buffer.js": 3608,
              "_to-index.js": 177,
              "_species-constructor.js": 182,
              "es6.typed.uint32-array.js": 104
            },
            "es6": {
              "array.js": 793,
              "function.js": 167,
              "math.js": 574,
              "object.js": 757,
              "regexp.js": 299,
              "string.js": 951,
              "weak-map.js": 157,
              "weak-set.js": 155
            },
            "es7": {
              "array.js": 158,
              "object.js": 344
            }
          },
          "jquery": {
            "package.json": 72,
            "dist": {
              "jquery.js": 85802
            }
          },
          "toastr": {
            "package.json": 67,
            "toastr.js": 4870
          },
          "ladda": {
            "package.json": 73,
            "dist": {
              "ladda.min.js": 3574
            }
          },
          "spin.js": {
            "package.json": 66,
            "spin.js": 4246
          },
          "jsoneditor": {
            "package.json": 69,
            "index.js": 51,
            "src": {
              "js": {
                "JSONEditor.js": 3823,
                "treemode.js": 13669,
                "Highlighter.js": 677,
                "History.js": 2946,
                "util.js": 7225,
                "assets": {
                  "jsonlint": {
                    "jsonlint.js": 8330
                  }
                },
                "SearchBox.js": 3991,
                "ContextMenu.js": 5531,
                "Node.js": 40145,
                "appendNodeFactory.js": 2533,
                "ModeSwitcher.js": 1297,
                "autocomplete.js": 6131,
                "textmode.js": 6391,
                "ace": {
                  "index.js": 139,
                  "theme-jsoneditor.js": 2692
                }
              }
            }
          },
          "ajv": {
            "package.json": 65,
            "lib": {
              "ajv.js": 6301,
              "compile": {
                "index.js": 3825,
                "resolve.js": 3278,
                "util.js": 3920,
                "ucs2length.js": 186,
                "schema_obj.js": 88,
                "error_classes.js": 487,
                "formats.js": 8625,
                "rules.js": 1061,
                "_rules.js": 878,
                "async.js": 990
              },
              "dotjs": {
                "validate.js": 8204,
                "ref.js": 2350,
                "allOf.js": 527,
                "anyOf.js": 1517,
                "const.js": 1106,
                "contains.js": 1754,
                "dependencies.js": 3657,
                "enum.js": 1399,
                "format.js": 2725,
                "items.js": 2809,
                "_limit.js": 3065,
                "_limitItems.js": 1253,
                "_limitLength.js": 1316,
                "_limitProperties.js": 1286,
                "multipleOf.js": 1385,
                "not.js": 1878,
                "oneOf.js": 1543,
                "pattern.js": 1294,
                "properties.js": 9603,
                "propertyNames.js": 1788,
                "required.js": 5870,
                "uniqueItems.js": 1518,
                "custom.js": 4732
              },
              "cache.js": 277,
              "$data.js": 593,
              "patternGroups.js": 470,
              "keyword.js": 1406,
              "refs": {
                "$data.json": 398,
                "json-schema-draft-06.json": 2229
              }
            }
          },
          "meteor-node-stubs": {
            "deps": {
              "url.js": 22,
              "process.js": 36,
              "domain.js": 32
            },
            "node_modules": {
              "url": {
                "package.json": 64,
                "url.js": 7519,
                "node_modules": {
                  "punycode": {
                    "package.json": 71,
                    "punycode.js": 2690
                  }
                },
                "util.js": 227
              },
              "querystring": {
                "index.js": 93,
                "decode.js": 546,
                "encode.js": 527
              },
              "process": {
                "browser.js": 1608
              },
              "domain-browser": {
                "package.json": 76,
                "index.js": 693
              },
              "events": {
                "package.json": 69,
                "events.js": 3568
              }
            },
            "package.json": 78,
            "index.js": 280,
            "map.json": 950
          },
          "fast-deep-equal": {
            "package.json": 75,
            "index.js": 710
          },
          "json-schema-traverse": {
            "package.json": 80,
            "index.js": 1073
          },
          "json-stable-stringify": {
            "package.json": 81,
            "index.js": 1307
          },
          "jsonify": {
            "package.json": 67,
            "index.js": 72,
            "lib": {
              "parse.js": 1814,
              "stringify.js": 1604
            }
          },
          "co": {
            "index.js": 1611
          },
          "javascript-natural-sort": {
            "package.json": 89,
            "naturalSort.js": 999
          },
          "brace": {
            "package.json": 66,
            "index.js": 351998,
            "mode": {
              "json.js": 5057
            },
            "worker": {
              "json.js": 43009
            },
            "ext": {
              "searchbox.js": 9918
            }
          },
          "w3c-blob": {
            "package.json": 93,
            "browser.js": 372
          },
          "jquery-contextmenu": {
            "package.json": 96,
            "dist": {
              "jquery.contextMenu.js": 26777
            }
          },
          "fbbk-json": {
            "package.json": 69,
            "fjson.js": 3701
          },
          "codemirror": {
            "package.json": 80,
            "lib": {
              "codemirror.js": 164877
            },
            "mode": {
              "javascript": {
                "javascript.js": 14268
              }
            },
            "addon": {
              "fold": {
                "brace-fold.js": 1896,
                "comment-fold.js": 1016,
                "foldcode.js": 2508,
                "foldgutter.js": 2423,
                "indent-fold.js": 649,
                "markdown-fold.js": 712,
                "xml-fold.js": 3221
              },
              "hint": {
                "javascript-hint.js": 3060,
                "show-hint.js": 8790
              }
            }
          },
          "datatables.net": {
            "package.json": 93,
            "js": {
              "jquery.dataTables.js": 83845
            }
          },
          "datatables.net-buttons": {
            "package.json": 100,
            "js": {
              "dataTables.buttons.js": 17587
            }
          },
          "datatables.net-responsive": {
            "package.json": 106,
            "js": {
              "dataTables.responsive.js": 11423
            }
          },
          "datatables.net-bs": {
            "package.json": 97,
            "js": {
              "dataTables.bootstrap.js": 1874
            }
          },
          "datatables.net-buttons-bs": {
            "package.json": 100,
            "js": {
              "buttons.bootstrap.js": 879
            }
          },
          "datatables.net-responsive-bs": {
            "package.json": 106,
            "js": {
              "responsive.bootstrap.js": 1142
            }
          },
          "bootstrap-filestyle": {
            "package.json": 97,
            "src": {
              "bootstrap-filestyle.js": 6258
            }
          },
          "regenerator-runtime": {
            "package.json": 91,
            "runtime-module.js": 344,
            "runtime.js": 6255
          }
        }
      }
    ],
    "packages/ecmascript-runtime.js": 75,
    "packages/es5-shim.js": [
      28278,
      {
        "node_modules": {
          "meteor": {
            "es5-shim": {
              "client.js": 132,
              "console.js": 289,
              "export_globals.js": 152,
              "import_globals.js": 75,
              "node_modules": {
                "es5-shim": {
                  "es5-shim.js": 22320,
                  "es5-sham.js": 4842
                }
              }
            }
          }
        }
      }
    ],
    "packages/promise.js": [
      4804,
      {
        "node_modules": {
          "meteor": {
            "promise": {
              "client.js": 85,
              "common.js": 286,
              "node_modules": {
                "meteor-promise": {
                  "package.json": 113,
                  "promise_client.js": 266
                },
                "promise": {
                  "lib": {
                    "es6-extensions.js": 1214,
                    "core.js": 1830
                  }
                },
                "asap": {
                  "raw.js": 453
                }
              }
            }
          }
        }
      }
    ],
    "packages/babel-runtime.js": [
      1508,
      {
        "node_modules": {
          "meteor": {
            "babel-runtime": {
              "babel-runtime.js": 494,
              "node_modules": {
                "meteor-babel-helpers": {
                  "package.json": 80,
                  "index.js": 389
                }
              }
            }
          }
        }
      }
    ],
    "packages/ecmascript-runtime-client.js": [
      1702,
      {
        "node_modules": {
          "meteor": {
            "ecmascript-runtime-client": {
              "runtime.js": 1197
            }
          }
        }
      }
    ],
    "packages/random.js": [
      4049,
      {
        "node_modules": {
          "meteor": {
            "random": {
              "random.js": 3165,
              "deprecated.js": 190
            }
          }
        }
      }
    ],
    "packages/mongo-id.js": 1745,
    "packages/diff-sequence.js": 2401,
    "packages/geojson-utils.js": [
      5268,
      {
        "node_modules": {
          "meteor": {
            "geojson-utils": {
              "main.js": 48,
              "geojson-utils.js": 4773
            }
          }
        }
      }
    ],
    "packages/minimongo.js": [
      43256,
      {
        "node_modules": {
          "meteor": {
            "minimongo": {
              "minimongo.js": 12118,
              "wrap_transform.js": 461,
              "helpers.js": 411,
              "selector.js": 11605,
              "sort.js": 4112,
              "projection.js": 1932,
              "modify.js": 6828,
              "diff.js": 329,
              "id_map.js": 101,
              "observe.js": 2451,
              "objectid.js": 761,
              "validation.js": 510
            }
          }
        }
      }
    ],
    "packages/check.js": [
      5670,
      {
        "node_modules": {
          "meteor": {
            "check": {
              "match.js": 4923,
              "isPlainObject.js": 279
            }
          }
        }
      }
    ],
    "packages/retry.js": 874,
    "packages/ddp-common.js": 4019,
    "packages/reload.js": 1984,
    "packages/ddp-client.js": [
      58477,
      {
        "node_modules": {
          "meteor": {
            "ddp-client": {
              "sockjs-0.3.4.js": 30000,
              "stream_client_sockjs.js": 2698,
              "stream_client_common.js": 3083,
              "livedata_common.js": 331,
              "random_stream.js": 181,
              "livedata_connection.js": 19249,
              "client_convenience.js": 883,
              "namespace.js": 101,
              "id_map.js": 408
            }
          }
        }
      }
    ],
    "packages/ddp.js": 163,
    "packages/ddp-server.js": 67,
    "packages/allow-deny.js": [
      5981,
      {
        "node_modules": {
          "meteor": {
            "allow-deny": {
              "allow-deny.js": 5168
            }
          }
        }
      }
    ],
    "packages/mongo.js": [
      9595,
      {
        "node_modules": {
          "meteor": {
            "mongo": {
              "local_collection_driver.js": 316,
              "collection.js": 8217
            }
          }
        }
      }
    ],
    "packages/blaze-html-templates.js": 77,
    "packages/reactive-dict.js": [
      4273,
      {
        "node_modules": {
          "meteor": {
            "reactive-dict": {
              "reactive-dict.js": 2846,
              "migration.js": 611
            }
          }
        }
      }
    ],
    "packages/session.js": 349,
    "packages/jquery.js": [
      96887,
      {
        "node_modules": {
          "meteor": {
            "jquery": {
              "main.js": 122,
              "jquery.js": 96346
            }
          }
        }
      }
    ],
    "packages/fortawesome_fontawesome.js": 80,
    "packages/coffeescript.js": 66,
    "packages/reactive-var.js": 904,
    "packages/kadira_flow-router.js": [
      25790,
      {
        "node_modules": {
          "meteor": {
            "kadira:flow-router": {
              "client": {
                "modules.js": 34,
                "triggers.js": 1059,
                "router.js": 6741,
                "group.js": 1068,
                "route.js": 1797,
                "_init.js": 94
              },
              "lib": {
                "router.js": 157
              },
              "node_modules": {
                "page": {
                  "index.js": 4611,
                  "node_modules": {
                    "path-to-regexp": {
                      "index.js": 2760,
                      "node_modules": {
                        "isarray": {
                          "package.json": 67,
                          "index.js": 112
                        }
                      }
                    }
                  }
                },
                "qs": {
                  "package.json": 66,
                  "lib": {
                    "index.js": 91,
                    "stringify.js": 1596,
                    "utils.js": 1805,
                    "parse.js": 2414
                  }
                }
              }
            }
          }
        }
      }
    ],
    "packages/observe-sequence.js": 3010,
    "packages/deps.js": 196,
    "packages/htmljs.js": 10098,
    "packages/blaze.js": 38724,
    "packages/spacebars.js": 3004,
    "packages/templating-compiler.js": 76,
    "packages/templating-runtime.js": 3133,
    "packages/templating.js": 188,
    "packages/zimme_active-route.js": 3281,
    "packages/okgrow_router-autoscroll.js": 2605,
    "packages/less.js": 58,
    "packages/twbs_bootstrap.js": 36817,
    "packages/momentjs_moment.js": 51509,
    "packages/arch_ace-editor.js": 1646,
    "packages/url.js": 950,
    "packages/http.js": [
      3621,
      {
        "node_modules": {
          "meteor": {
            "http": {
              "httpcall_common.js": 875,
              "httpcall_client.js": 1929,
              "deprecated.js": 20
            }
          }
        }
      }
    ],
    "packages/jabbslad_basic-auth.js": 196,
    "packages/standard-minifier-css.js": 78,
    "packages/standard-minifier-js.js": 77,
    "packages/meteorhacks_async.js": 257,
    "packages/shell-server.js": 69,
    "packages/harrison_papa-parse.js": 14600,
    "packages/kadira_blaze-layout.js": 2136,
    "packages/arillo_flow-router-helpers.js": 2138,
    "packages/universe_mailchimp-v3-api.js": [
      70383,
      {
        "node_modules": {
          "meteor": {
            "universe:mailchimp-v3-api": {
              "index.js": 90,
              "modules": {
                "MailchimpAPI.js": 2302
              },
              "node_modules": {
                "lodash": {
                  "package.json": 67,
                  "lodash.js": 61740
                },
                "md5": {
                  "package.json": 61,
                  "md5.js": 3203,
                  "node_modules": {
                    "crypt": {
                      "package.json": 65,
                      "crypt.js": 1286
                    },
                    "charenc": {
                      "package.json": 69,
                      "charenc.js": 428
                    },
                    "is-buffer": {
                      "package.json": 69,
                      "index.js": 157
                    }
                  }
                }
              }
            }
          }
        }
      }
    ],
    "packages/dynamic-import.js": [
      3965,
      {
        "node_modules": {
          "meteor": {
            "dynamic-import": {
              "client.js": 1492,
              "cache.js": 1947,
              "dynamic-versions.js": 29
            }
          }
        }
      }
    ],
    "packages/webapp.js": [
      979,
      {
        "node_modules": {
          "meteor": {
            "webapp": {
              "webapp_client.js": 334
            }
          }
        }
      }
    ],
    "packages/livedata.js": 190,
    "packages/hot-code-push.js": 70,
    "packages/launch-screen.js": 873,
    "packages/ui.js": 222,
    "packages/autoupdate.js": 1998,
    "packages/global-imports.js": 1387,
    "app/app.js": [
      1150144,
      {
        "client": {
          "imports": {
            "views": {
              "layouts": {
                "navigation": {
                  "add_collection": {
                    "options": {
                      "add_collection_options.html": 68,
                      "template.add_collection_options.js": 2752,
                      "add_collection_options.js": 1879
                    },
                    "add_collection.html": 60,
                    "template.add_collection.js": 11500,
                    "add_collection.js": 8959
                  },
                  "convert_capped_collection": {
                    "convert_to_capped.html": 63,
                    "template.convert_to_capped.js": 1809,
                    "convert_to_capped.js": 1060
                  },
                  "filter_collection": {
                    "filter_collection.html": 63,
                    "template.filter_collection.js": 2669,
                    "filter_collection.js": 1817
                  },
                  "rename_collection": {
                    "rename_collection.html": 63,
                    "template.rename_collection.js": 1940,
                    "rename_collection.js": 1255
                  },
                  "validation_rules": {
                    "validation_rules.html": 62,
                    "template.validation_rules.js": 3294,
                    "validation_rules.js": 2578
                  },
                  "navigation.html": 56,
                  "template.navigation.js": 13662,
                  "navigation.js": 10360
                },
                "top_navbar": {
                  "connections": {
                    "connections.html": 57,
                    "template.connections.js": 32362,
                    "connections.js": 17356
                  },
                  "top_navbar.html": 56,
                  "template.top_navbar.js": 9398,
                  "top_navbar.js": 5132
                },
                "footer": {
                  "footer.html": 52,
                  "template.footer.js": 414
                },
                "not_found": {
                  "not_found.html": 55,
                  "template.not_found.js": 683
                },
                "page_heading": {
                  "page_heading.html": 58,
                  "template.page_heading.js": 1187,
                  "page_heading.js": 2272
                },
                "main": {
                  "main.html": 50,
                  "template.main.js": 623,
                  "main.js": 2602
                }
              },
              "query_templates": {
                "collection": {
                  "find": {
                    "query_wizard": {
                      "query_wizard.html": 58,
                      "template.query_wizard.js": 3793,
                      "query_wizard.js": 7855
                    },
                    "find.html": 50,
                    "template.find.js": 695,
                    "find.js": 4184
                  },
                  "aggregate": {
                    "aggregate.html": 55,
                    "template.aggregate.js": 968,
                    "aggregate.js": 2703
                  },
                  "bulk_write": {
                    "bulk_write.html": 56,
                    "template.bulk_write.js": 994,
                    "bulk_write.js": 2347
                  },
                  "count": {
                    "count.html": 51,
                    "template.count.js": 576,
                    "count.js": 2301
                  },
                  "create_index": {
                    "create_index.html": 58,
                    "template.create_index.js": 818,
                    "create_index.js": 3021
                  },
                  "delete": {
                    "delete.html": 52,
                    "template.delete.js": 168,
                    "delete.js": 1217
                  },
                  "distinct": {
                    "distinct.html": 54,
                    "template.distinct.js": 1067,
                    "distinct.js": 2632
                  },
                  "drop_index": {
                    "drop_index.html": 56,
                    "template.drop_index.js": 367,
                    "drop_index.js": 1054
                  },
                  "findone": {
                    "findone.html": 53,
                    "template.findone.js": 589,
                    "findone.js": 2815
                  },
                  "findone_and_delete": {
                    "findone_and_delete.html": 64,
                    "template.findone_and_delete.js": 623,
                    "findone_and_delete.js": 2657
                  },
                  "findone_and_replace": {
                    "findone_and_replace.html": 65,
                    "template.findone_and_replace.js": 911,
                    "findone_and_replace.js": 3191
                  },
                  "findone_and_update": {
                    "findone_and_update.html": 64,
                    "template.findone_and_update.js": 677,
                    "findone_and_update.js": 3175
                  },
                  "geo_haystack_search": {
                    "geo_haystack_search.html": 65,
                    "template.geo_haystack_search.js": 1080,
                    "geo_haystack_search.js": 2466
                  },
                  "geo_near": {
                    "geo_near.html": 54,
                    "template.geo_near.js": 1014,
                    "geo_near.js": 2795
                  },
                  "group": {
                    "group.html": 51,
                    "template.group.js": 2637,
                    "group.js": 3479
                  },
                  "index_information": {
                    "index_information.html": 63,
                    "template.index_information.js": 647,
                    "index_information.js": 1064
                  },
                  "insert_many": {
                    "insert_many.html": 57,
                    "template.insert_many.js": 934,
                    "insert_many.js": 2364
                  },
                  "is_capped": {
                    "is_capped.html": 55,
                    "template.is_capped.js": 128,
                    "isCapped.js": 776
                  },
                  "map_reduce": {
                    "map_reduce.html": 56,
                    "template.map_reduce.js": 1374,
                    "map_reduce.js": 3500
                  },
                  "options": {
                    "options.html": 53,
                    "template.options.js": 125,
                    "options.js": 745
                  },
                  "re_index": {
                    "re_index.html": 54,
                    "template.re_index.js": 125,
                    "re_index.js": 746
                  },
                  "rename": {
                    "rename.html": 52,
                    "template.rename.js": 1521,
                    "rename.js": 1997
                  },
                  "stats": {
                    "stats.html": 51,
                    "template.stats.js": 980,
                    "stats.js": 1879
                  },
                  "update_many": {
                    "update_many.html": 57,
                    "template.update_many.js": 775,
                    "update_many.js": 2853
                  },
                  "update_one": {
                    "update_one.html": 56,
                    "template.update_one.js": 771,
                    "update_one.js": 2849
                  }
                },
                "admin": {
                  "add_user": {
                    "add_user.html": 54,
                    "template.add_user.js": 850,
                    "add_user.js": 1517
                  },
                  "build_info": {
                    "build_info.html": 56,
                    "template.build_info.js": 131,
                    "build_info.js": 615
                  },
                  "command": {
                    "command.html": 53,
                    "template.command.js": 1055,
                    "command.js": 1573
                  },
                  "list_databases": {
                    "list_databases.html": 60,
                    "template.list_databases.js": 143,
                    "list_databases.js": 631
                  },
                  "ping": {
                    "ping.html": 50,
                    "template.ping.js": 116,
                    "ping.js": 594
                  },
                  "profiling_info": {
                    "profiling_info.html": 60,
                    "template.profiling_info.js": 143,
                    "profiling_info.js": 631
                  },
                  "remove_user": {
                    "remove_user.html": 57,
                    "template.remove_user.js": 180,
                    "remove_user.js": 916
                  },
                  "repl_set_get_status": {
                    "repl_set_get_status.html": 65,
                    "template.repl_set_get_status.js": 152,
                    "repl_set_get_status.js": 645
                  },
                  "server_info": {
                    "server_info.html": 57,
                    "template.server_info.js": 134,
                    "server_info.js": 619
                  },
                  "server_status": {
                    "server_status.html": 59,
                    "template.server_status.js": 140,
                    "server_status.js": 627
                  },
                  "set_profiling_level": {
                    "set_profiling_level.html": 65,
                    "template.set_profiling_level.js": 453,
                    "set_profiling_level.js": 924
                  },
                  "validate_collection": {
                    "validate_collection.html": 65,
                    "template.validate_collection.js": 845,
                    "validate_collection.js": 1018
                  }
                }
              },
              "pages": {
                "aggregate_pipeline": {
                  "aggregate_histories": {
                    "aggregate_histories.html": 65,
                    "template.aggregate_histories.js": 2183,
                    "aggregate_histories.js": 1947
                  },
                  "aggregate_pipeline.html": 64,
                  "template.aggregate_pipeline.js": 5187,
                  "aggregate_pipeline.js": 5791
                },
                "browse_collection": {
                  "query_histories": {
                    "query_histories.html": 61,
                    "template.query_histories.js": 2301,
                    "query_histories.js": 1738
                  },
                  "browse_collection.html": 63,
                  "template.browse_collection.js": 6231,
                  "browse_collection.js": 16731
                },
                "database_dump_restore": {
                  "common_options": {
                    "common_options.html": 60,
                    "template.common_options.js": 4106,
                    "common_options.js": 2889
                  },
                  "mongodump_options": {
                    "mongodump_options.html": 63,
                    "template.mongodump_options.js": 9091,
                    "mongodump_options.js": 754
                  },
                  "mongoexport_options": {
                    "mongoexport_options.html": 65,
                    "template.mongoexport_options.js": 9804,
                    "mongoexport_options.js": 1142
                  },
                  "mongoimport_options": {
                    "mongoimport_options.html": 65,
                    "template.mongoimport_options.js": 9628,
                    "mongoimport_options.js": 479
                  },
                  "mongorestore_options": {
                    "mongorestore_options.html": 66,
                    "template.mongorestore_options.js": 10578,
                    "mongorestore_options.js": 480
                  },
                  "database_dump_restore.html": 67,
                  "template.database_dump_restore.js": 27811,
                  "database_dump_restore.js": 4388
                },
                "file_management": {
                  "file_info": {
                    "file_info.html": 55,
                    "template.file_info.js": 3177,
                    "file_info.js": 985
                  },
                  "upload_file": {
                    "upload_file.html": 57,
                    "template.upload_file.js": 743,
                    "upload_file.js": 1580
                  },
                  "file_management.html": 61,
                  "template.file_management.js": 6854,
                  "file_management.js": 5231
                },
                "index_management": {
                  "add_index": {
                    "add_index.html": 55,
                    "template.add_index.js": 23088,
                    "add_index.js": 7613
                  },
                  "view_raw": {
                    "view_raw.html": 54,
                    "template.view_raw.js": 1505,
                    "view_raw.js": 1209
                  },
                  "index_management.html": 62,
                  "template.index_management.js": 4710,
                  "index_management.js": 7293
                },
                "mc_shell": {
                  "shell_histories": {
                    "shell_histories.html": 61,
                    "template.shell_histories.js": 2104,
                    "shell_histories.js": 1581
                  },
                  "mc_shell.html": 54,
                  "template.mc_shell.js": 2716,
                  "mc_shell.js": 7955
                },
                "user_management": {
                  "manage_roles": {
                    "manage_roles.html": 58,
                    "template.manage_roles.js": 12397,
                    "manage_roles.js": 13868
                  },
                  "manage_users": {
                    "manage_users.html": 58,
                    "template.manage_users.js": 11530,
                    "manage_users.js": 8507
                  },
                  "user_management.html": 61,
                  "template.user_management.js": 3470,
                  "user_management.js": 6635
                },
                "admin_queries": {
                  "admin_queries.html": 59,
                  "template.admin_queries.js": 4128,
                  "admin_queries.js": 4644
                },
                "database_stats": {
                  "database_stats.html": 60,
                  "template.database_stats.js": 18732,
                  "database_stats.js": 11475
                },
                "schema_analyzer": {
                  "schema_analyzer.html": 61,
                  "template.schema_analyzer.js": 3776,
                  "schema_analyzer.js": 3419
                },
                "settings": {
                  "settings.html": 54,
                  "template.settings.js": 11448,
                  "settings.js": 2569
                },
                "stored_functions": {
                  "stored_functions.html": 62,
                  "template.stored_functions.js": 4796,
                  "stored_functions.js": 3964
                }
              },
              "query_templates_options": {
                "add_user_options": {
                  "add_user_options.html": 62,
                  "template.add_user_options.js": 1616,
                  "add_user_options.js": 833
                },
                "aggregate_options": {
                  "aggregate_options.html": 63,
                  "template.aggregate_options.js": 1669,
                  "aggregate_options.js": 1696
                },
                "bulk_write_options": {
                  "bulk_write_options.html": 64,
                  "template.bulk_write_options.js": 986,
                  "bulk_write_options.js": 1057
                },
                "bypass_document_validation": {
                  "bypass_document_validation.html": 72,
                  "template.bypass_document_validation.js": 703,
                  "bypass_document_validation.js": 273
                },
                "collation": {
                  "collation.html": 55,
                  "template.collation.js": 501,
                  "collation.js": 295
                },
                "count_options": {
                  "count_options.html": 59,
                  "template.count_options.js": 696,
                  "count_options.js": 1073
                },
                "create_index_options": {
                  "create_index_options.html": 66,
                  "template.create_index_options.js": 5138,
                  "create_index_options.js": 2220
                },
                "cursor_options": {
                  "cursor_options.html": 60,
                  "template.cursor_options.js": 1437,
                  "cursor_options.js": 1525
                },
                "explain": {
                  "explain.html": 53,
                  "template.explain.js": 451,
                  "explain.js": 271
                },
                "findone_modify_options": {
                  "findone_modify_options.html": 68,
                  "template.findone_modify_options.js": 1120,
                  "findone_modify_options.js": 1442
                },
                "geo_haystack_search_options": {
                  "geo_haystack_search_options.html": 73,
                  "template.geo_haystack_search_options.js": 1101,
                  "geo_haystack_search_options.js": 1154
                },
                "geo_near_options": {
                  "geo_near_options.html": 62,
                  "template.geo_near_options.js": 4992,
                  "geo_near_options.js": 2133
                },
                "insert_many_options": {
                  "insert_many_options.html": 65,
                  "template.insert_many_options.js": 1168,
                  "insert_many_options.js": 1108
                },
                "limit": {
                  "limit.html": 51,
                  "template.limit.js": 383
                },
                "map_reduce_options": {
                  "map_reduce_options.html": 64,
                  "template.map_reduce_options.js": 5038,
                  "map_reduce_options.js": 2583
                },
                "max": {
                  "max.html": 49,
                  "template.max.js": 355,
                  "max.js": 271
                },
                "max_distance": {
                  "max_distance.html": 58,
                  "template.max_distance.js": 379
                },
                "max_time_ms": {
                  "max_time_ms.html": 57,
                  "template.max_time_ms.js": 564
                },
                "min": {
                  "min.html": 49,
                  "template.min.js": 355,
                  "min.js": 271
                },
                "project": {
                  "project.html": 53,
                  "template.project.js": 379,
                  "project.js": 287
                },
                "return_original": {
                  "return_original.html": 61,
                  "template.return_original.js": 513,
                  "return_original.js": 242
                },
                "selector": {
                  "selector.html": 54,
                  "template.selector.js": 672,
                  "selector.js": 409
                },
                "set": {
                  "set.html": 49,
                  "template.set.js": 355,
                  "set.js": 271
                },
                "skip": {
                  "skip.html": 50,
                  "template.skip.js": 367
                },
                "sort": {
                  "sort.html": 50,
                  "template.sort.js": 361,
                  "sort.js": 275
                },
                "upsert": {
                  "upsert.html": 52,
                  "template.upsert.js": 490,
                  "upsert.js": 217
                },
                "username": {
                  "username.html": 54,
                  "template.username.js": 397
                }
              }
            },
            "helper.js": 10005
          },
          "plugins": {
            "chosen_fork": {
              "chosen.jquery.js": 28850,
              "chosen.jquery.min.js": 28923,
              "chosen.proto.js": 29549,
              "chosen.proto.min.js": 29617
            },
            "flot": {
              "excanvas.min.js": 18268,
              "jquery.flot.js": 37436,
              "jquery.flot.navigate.js": 5380,
              "jquery.flot.pie.js": 8015,
              "jquery.flot.resize.js": 1933,
              "jquery.flot.spline.js": 1759,
              "jquery.flot.symbol.js": 752,
              "jquery.flot.time.js": 4656,
              "jquery.flot.tooltip.min.js": 3669
            },
            "iCheck": {
              "icheck.min.js": 4795
            },
            "idle-timer": {
              "idle-timer.min.js": 2359
            },
            "jquery-contextmenu": {
              "jquery.ui.position.min.js": 5688
            },
            "jquery-ui": {
              "jquery-ui.min.js": 114683
            },
            "jquery-wizard": {
              "jquery.steps.min.js": 13447
            },
            "jsTree": {
              "jstree.min.js": 117962
            },
            "metisMenu": {
              "jquery.metisMenu.js": 3287
            },
            "pace": {
              "pace.min.js": 12344
            },
            "slimscroll": {
              "jquery.slimscroll.min.js": 4417
            },
            "sweetalert": {
              "sweetalert.min.js": 15972
            }
          },
          "main.js": 1123
        },
        "lib": {
          "imports": {
            "collections.js": 574,
            "enums.js": 3198,
            "router.js": 1485
          }
        },
        "package.json": 693
      }
    ]
  }
}
