{
  "format": "web-program-pre1",
  "manifest": [
    {
      "path": "892163b5ebd8ff3001163bd27fbbd51e32d67061.js",
      "where": "client",
      "type": "js",
      "cacheable": true,
      "url": "/892163b5ebd8ff3001163bd27fbbd51e32d67061.js?meteor_js_resource=true",
      "size": 2977292,
      "hash": "892163b5ebd8ff3001163bd27fbbd51e32d67061"
    },
    {
      "path": "892163b5ebd8ff3001163bd27fbbd51e32d67061.stats.json",
      "where": "client",
      "type": "json",
      "cacheable": true,
      "url": "/892163b5ebd8ff3001163bd27fbbd51e32d67061.stats.json?meteor_js_resource=true",
      "size": 54457,
      "hash": "cbaabf8f16dce1d7bf54c0d3afe574048968f59a"
    },
    {
      "path": "8eda5a4f28131c8572f4e3c8f6f4265ac3fa076f.css",
      "where": "client",
      "type": "css",
      "cacheable": true,
      "url": "/8eda5a4f28131c8572f4e3c8f6f4265ac3fa076f.css?meteor_css_resource=true",
      "size": 223705,
      "hash": "8eda5a4f28131c8572f4e3c8f6f4265ac3fa076f"
    },
    {
      "path": "c0cb958522e555f023dd78101c039dc3cdb37e11.css",
      "where": "client",
      "type": "css",
      "cacheable": true,
      "url": "/c0cb958522e555f023dd78101c039dc3cdb37e11.css?meteor_css_resource=true",
      "size": 250243,
      "hash": "c0cb958522e555f023dd78101c039dc3cdb37e11"
    },
    {
      "path": "packages/fortawesome_fontawesome/upstream/fonts/fontawesome-webfont.eot",
      "where": "client",
      "type": "asset",
      "cacheable": false,
      "url": "/packages/fortawesome_fontawesome/upstream/fonts/fontawesome-webfont.eot",
      "size": 165742,
      "hash": "5e3a1a9b72af1d842682f7e0a5c305922c583e3f"
    },
    {
      "path": "packages/fortawesome_fontawesome/upstream/fonts/fontawesome-webfont.svg",
      "where": "client",
      "type": "asset",
      "cacheable": false,
      "url": "/packages/fortawesome_fontawesome/upstream/fonts/fontawesome-webfont.svg",
      "size": 444379,
      "hash": "2958ef6f1890fda3f47468dedc70c2e1b2dd9511"
    },
    {
      "path": "packages/fortawesome_fontawesome/upstream/fonts/fontawesome-webfont.ttf",
      "where": "client",
      "type": "asset",
      "cacheable": false,
      "url": "/packages/fortawesome_fontawesome/upstream/fonts/fontawesome-webfont.ttf",
      "size": 165548,
      "hash": "dbaed61bd8235d7e12522b21ce66fb90a4f9740d"
    },
    {
      "path": "packages/fortawesome_fontawesome/upstream/fonts/fontawesome-webfont.woff",
      "where": "client",
      "type": "asset",
      "cacheable": false,
      "url": "/packages/fortawesome_fontawesome/upstream/fonts/fontawesome-webfont.woff",
      "size": 98024,
      "hash": "951644ff8c02065fd58f609d142e45daaaa5370f"
    },
    {
      "path": "packages/fortawesome_fontawesome/upstream/fonts/fontawesome-webfont.woff2",
      "where": "client",
      "type": "asset",
      "cacheable": false,
      "url": "/packages/fortawesome_fontawesome/upstream/fonts/fontawesome-webfont.woff2",
      "size": 77160,
      "hash": "a34ffd10b2a49d55d6247e351520ffdf556e0bb1"
    },
    {
      "path": "packages/fortawesome_fontawesome/upstream/fonts/FontAwesome.otf",
      "where": "client",
      "type": "asset",
      "cacheable": false,
      "url": "/packages/fortawesome_fontawesome/upstream/fonts/FontAwesome.otf",
      "size": 134808,
      "hash": "cd12480a6626f5faf89ddd7ebb00edf64059498d"
    },
    {
      "path": "packages/twbs_bootstrap/dist/fonts/glyphicons-halflings-regular.eot",
      "where": "client",
      "type": "asset",
      "cacheable": false,
      "url": "/packages/twbs_bootstrap/dist/fonts/glyphicons-halflings-regular.eot",
      "size": 20127,
      "hash": "30407a683746065f032a7a61ff50f24b008cc8b3"
    },
    {
      "path": "packages/twbs_bootstrap/dist/fonts/glyphicons-halflings-regular.svg",
      "where": "client",
      "type": "asset",
      "cacheable": false,
      "url": "/packages/twbs_bootstrap/dist/fonts/glyphicons-halflings-regular.svg",
      "size": 108738,
      "hash": "79a351a269ccbdab7745962bfd40cf86c2b9bc95"
    },
    {
      "path": "packages/twbs_bootstrap/dist/fonts/glyphicons-halflings-regular.ttf",
      "where": "client",
      "type": "asset",
      "cacheable": false,
      "url": "/packages/twbs_bootstrap/dist/fonts/glyphicons-halflings-regular.ttf",
      "size": 45404,
      "hash": "3a900bcba1505bbef235f1b497513a1bd894f434"
    },
    {
      "path": "packages/twbs_bootstrap/dist/fonts/glyphicons-halflings-regular.woff",
      "where": "client",
      "type": "asset",
      "cacheable": false,
      "url": "/packages/twbs_bootstrap/dist/fonts/glyphicons-halflings-regular.woff",
      "size": 23424,
      "hash": "434169edd7cbbb36bb43e25d78c7ceb26beac9b4"
    },
    {
      "path": "packages/twbs_bootstrap/dist/fonts/glyphicons-halflings-regular.woff2",
      "where": "client",
      "type": "asset",
      "cacheable": false,
      "url": "/packages/twbs_bootstrap/dist/fonts/glyphicons-halflings-regular.woff2",
      "size": 18028,
      "hash": "b3253b854b958bb4f2e4c2dae5ff45c8237dc1d6"
    },
    {
      "path": "packages/arch_ace-editor/ace-builds/src-noconflict/ace.js",
      "where": "client",
      "type": "asset",
      "cacheable": false,
      "url": "/packages/arch_ace-editor/ace-builds/src-noconflict/ace.js",
      "size": 644498,
      "hash": "a935f7c8a6f21c32fafa334e2f0e53a1be5b15fa"
    },
    {
      "path": "packages/arch_ace-editor/ace-builds/src-noconflict/ext-beautify.js",
      "where": "client",
      "type": "asset",
      "cacheable": false,
      "url": "/packages/arch_ace-editor/ace-builds/src-noconflict/ext-beautify.js",
      "size": 8278,
      "hash": "8ff1c95bf01d03a6a9693347d5987b2d08e18980"
    },
    {
      "path": "packages/arch_ace-editor/ace-builds/src-noconflict/ext-chromevox.js",
      "where": "client",
      "type": "asset",
      "cacheable": false,
      "url": "/packages/arch_ace-editor/ace-builds/src-noconflict/ext-chromevox.js",
      "size": 13613,
      "hash": "28211f5c365d3120408e5d30bd87968647e683a5"
    },
    {
      "path": "packages/arch_ace-editor/ace-builds/src-noconflict/ext-elastic_tabstops_lite.js",
      "where": "client",
      "type": "asset",
      "cacheable": false,
      "url": "/packages/arch_ace-editor/ace-builds/src-noconflict/ext-elastic_tabstops_lite.js",
      "size": 8755,
      "hash": "6b336d47dc556c38177649550556ee39576a55b4"
    },
    {
      "path": "packages/arch_ace-editor/ace-builds/src-noconflict/ext-emmet.js",
      "where": "client",
      "type": "asset",
      "cacheable": false,
      "url": "/packages/arch_ace-editor/ace-builds/src-noconflict/ext-emmet.js",
      "size": 42877,
      "hash": "3c224151691c4805ee2ef82bd4932c212ca68645"
    },
    {
      "path": "packages/arch_ace-editor/ace-builds/src-noconflict/ext-error_marker.js",
      "where": "client",
      "type": "asset",
      "cacheable": false,
      "url": "/packages/arch_ace-editor/ace-builds/src-noconflict/ext-error_marker.js",
      "size": 141,
      "hash": "17b505b6dd9372af8d365fba6d80a37d823f0a7c"
    },
    {
      "path": "packages/arch_ace-editor/ace-builds/src-noconflict/ext-keybinding_menu.js",
      "where": "client",
      "type": "asset",
      "cacheable": false,
      "url": "/packages/arch_ace-editor/ace-builds/src-noconflict/ext-keybinding_menu.js",
      "size": 5857,
      "hash": "9a79532a91fa8b543bd1ad4118b981aacbf79c7c"
    },
    {
      "path": "packages/arch_ace-editor/ace-builds/src-noconflict/ext-language_tools.js",
      "where": "client",
      "type": "asset",
      "cacheable": false,
      "url": "/packages/arch_ace-editor/ace-builds/src-noconflict/ext-language_tools.js",
      "size": 67307,
      "hash": "0f20d9a1b5736267e71b9811fcd10d76b47e65fb"
    },
    {
      "path": "packages/arch_ace-editor/ace-builds/src-noconflict/ext-linking.js",
      "where": "client",
      "type": "asset",
      "cacheable": false,
      "url": "/packages/arch_ace-editor/ace-builds/src-noconflict/ext-linking.js",
      "size": 1453,
      "hash": "fcf0993274b5c0bb014405647807ab9b99be2eaf"
    },
    {
      "path": "packages/arch_ace-editor/ace-builds/src-noconflict/ext-modelist.js",
      "where": "client",
      "type": "asset",
      "cacheable": false,
      "url": "/packages/arch_ace-editor/ace-builds/src-noconflict/ext-modelist.js",
      "size": 5738,
      "hash": "95e53a7d0d162b11cac9c64e0964b9e03fa20b06"
    },
    {
      "path": "packages/arch_ace-editor/ace-builds/src-noconflict/ext-old_ie.js",
      "where": "client",
      "type": "asset",
      "cacheable": false,
      "url": "/packages/arch_ace-editor/ace-builds/src-noconflict/ext-old_ie.js",
      "size": 16146,
      "hash": "9362e81812d5625d40547a3dee842e26470c6066"
    },
    {
      "path": "packages/arch_ace-editor/ace-builds/src-noconflict/ext-searchbox.js",
      "where": "client",
      "type": "asset",
      "cacheable": false,
      "url": "/packages/arch_ace-editor/ace-builds/src-noconflict/ext-searchbox.js",
      "size": 13575,
      "hash": "d111988252b3a08d7db74dab252438f94516dc33"
    },
    {
      "path": "packages/arch_ace-editor/ace-builds/src-noconflict/ext-settings_menu.js",
      "where": "client",
      "type": "asset",
      "cacheable": false,
      "url": "/packages/arch_ace-editor/ace-builds/src-noconflict/ext-settings_menu.js",
      "size": 20639,
      "hash": "98f91ea17f65baac341c68bde5e96e8d7dd4cdd9"
    },
    {
      "path": "packages/arch_ace-editor/ace-builds/src-noconflict/ext-spellcheck.js",
      "where": "client",
      "type": "asset",
      "cacheable": false,
      "url": "/packages/arch_ace-editor/ace-builds/src-noconflict/ext-spellcheck.js",
      "size": 2409,
      "hash": "6f9bff191469edd7dc7aebf049e686206ffbfdf5"
    },
    {
      "path": "packages/arch_ace-editor/ace-builds/src-noconflict/ext-split.js",
      "where": "client",
      "type": "asset",
      "cacheable": false,
      "url": "/packages/arch_ace-editor/ace-builds/src-noconflict/ext-split.js",
      "size": 7394,
      "hash": "004ede5df3343f63ba91800eb67f9050fc9d1aa1"
    },
    {
      "path": "packages/arch_ace-editor/ace-builds/src-noconflict/ext-static_highlight.js",
      "where": "client",
      "type": "asset",
      "cacheable": false,
      "url": "/packages/arch_ace-editor/ace-builds/src-noconflict/ext-static_highlight.js",
      "size": 5028,
      "hash": "5e264831f6df4acb0866d6fd3e2a9f1f3f5dfb27"
    },
    {
      "path": "packages/arch_ace-editor/ace-builds/src-noconflict/ext-statusbar.js",
      "where": "client",
      "type": "asset",
      "cacheable": false,
      "url": "/packages/arch_ace-editor/ace-builds/src-noconflict/ext-statusbar.js",
      "size": 1725,
      "hash": "b8983effa0d9a9a82eb0cc0e6a53cb3b54200bda"
    },
    {
      "path": "packages/arch_ace-editor/ace-builds/src-noconflict/ext-textarea.js",
      "where": "client",
      "type": "asset",
      "cacheable": false,
      "url": "/packages/arch_ace-editor/ace-builds/src-noconflict/ext-textarea.js",
      "size": 16230,
      "hash": "7ce1f9a5e7d7120d981c2003ae2d94b023caf24a"
    },
    {
      "path": "packages/arch_ace-editor/ace-builds/src-noconflict/ext-themelist.js",
      "where": "client",
      "type": "asset",
      "cacheable": false,
      "url": "/packages/arch_ace-editor/ace-builds/src-noconflict/ext-themelist.js",
      "size": 2360,
      "hash": "7983dfdbd090ca692b0d8227705a68850012ba2b"
    },
    {
      "path": "packages/arch_ace-editor/ace-builds/src-noconflict/ext-whitespace.js",
      "where": "client",
      "type": "asset",
      "cacheable": false,
      "url": "/packages/arch_ace-editor/ace-builds/src-noconflict/ext-whitespace.js",
      "size": 5434,
      "hash": "964b11bb9a5fc76df3cf62c7bb4880ae4128e798"
    },
    {
      "path": "packages/arch_ace-editor/ace-builds/src-noconflict/keybinding-emacs.js",
      "where": "client",
      "type": "asset",
      "cacheable": false,
      "url": "/packages/arch_ace-editor/ace-builds/src-noconflict/keybinding-emacs.js",
      "size": 41006,
      "hash": "2bc2ef0fee61702c85eb01769171ab5bfb6e8e52"
    },
    {
      "path": "packages/arch_ace-editor/ace-builds/src-noconflict/keybinding-vim.js",
      "where": "client",
      "type": "asset",
      "cacheable": false,
      "url": "/packages/arch_ace-editor/ace-builds/src-noconflict/keybinding-vim.js",
      "size": 204851,
      "hash": "85c3b5037578d9dc9cf9459a8289185a7e2e65c3"
    },
    {
      "path": "packages/arch_ace-editor/ace-builds/src-noconflict/mode-abap.js",
      "where": "client",
      "type": "asset",
      "cacheable": false,
      "url": "/packages/arch_ace-editor/ace-builds/src-noconflict/mode-abap.js",
      "size": 9634,
      "hash": "880e4562476e4492f4c1dba34a679d3bddb05775"
    },
    {
      "path": "packages/arch_ace-editor/ace-builds/src-noconflict/mode-abc.js",
      "where": "client",
      "type": "asset",
      "cacheable": false,
      "url": "/packages/arch_ace-editor/ace-builds/src-noconflict/mode-abc.js",
      "size": 9017,
      "hash": "afb41b994a26e968dd37394e506650e9a8ee8d60"
    },
    {
      "path": "packages/arch_ace-editor/ace-builds/src-noconflict/mode-actionscript.js",
      "where": "client",
      "type": "asset",
      "cacheable": false,
      "url": "/packages/arch_ace-editor/ace-builds/src-noconflict/mode-actionscript.js",
      "size": 24591,
      "hash": "1e52881e37a090e1d20d35b857cd93f79f9abb15"
    },
    {
      "path": "packages/arch_ace-editor/ace-builds/src-noconflict/mode-ada.js",
      "where": "client",
      "type": "asset",
      "cacheable": false,
      "url": "/packages/arch_ace-editor/ace-builds/src-noconflict/mode-ada.js",
      "size": 2781,
      "hash": "2227928faeb51b585c23496733d78fa9a2ef82e2"
    },
    {
      "path": "packages/arch_ace-editor/ace-builds/src-noconflict/mode-apache_conf.js",
      "where": "client",
      "type": "asset",
      "cacheable": false,
      "url": "/packages/arch_ace-editor/ace-builds/src-noconflict/mode-apache_conf.js",
      "size": 19013,
      "hash": "4d6e3c66be654f6d2e69aa7244d02e190c63ad8a"
    },
    {
      "path": "packages/arch_ace-editor/ace-builds/src-noconflict/mode-applescript.js",
      "where": "client",
      "type": "asset",
      "cacheable": false,
      "url": "/packages/arch_ace-editor/ace-builds/src-noconflict/mode-applescript.js",
      "size": 9587,
      "hash": "dc57461b92b983f0c0acc79a4be9d5543eb7a084"
    },
    {
      "path": "packages/arch_ace-editor/ace-builds/src-noconflict/mode-asciidoc.js",
      "where": "client",
      "type": "asset",
      "cacheable": false,
      "url": "/packages/arch_ace-editor/ace-builds/src-noconflict/mode-asciidoc.js",
      "size": 13798,
      "hash": "1e7646e7b5513f06de95cecfe9e08538ae4e9531"
    },
    {
      "path": "packages/arch_ace-editor/ace-builds/src-noconflict/mode-assembly_x86.js",
      "where": "client",
      "type": "asset",
      "cacheable": false,
      "url": "/packages/arch_ace-editor/ace-builds/src-noconflict/mode-assembly_x86.js",
      "size": 11666,
      "hash": "d574c12d49c5fb74eb2bf9e9cf6e8c1c8457797e"
    },
    {
      "path": "packages/arch_ace-editor/ace-builds/src-noconflict/mode-autohotkey.js",
      "where": "client",
      "type": "asset",
      "cacheable": false,
      "url": "/packages/arch_ace-editor/ace-builds/src-noconflict/mode-autohotkey.js",
      "size": 67198,
      "hash": "7069743828f4d83590ca59127ec00bde2c3d5bfa"
    },
    {
      "path": "packages/arch_ace-editor/ace-builds/src-noconflict/mode-batchfile.js",
      "where": "client",
      "type": "asset",
      "cacheable": false,
      "url": "/packages/arch_ace-editor/ace-builds/src-noconflict/mode-batchfile.js",
      "size": 8189,
      "hash": "2fbc25688f4956fee90a9c4663713245c5204dbb"
    },
    {
      "path": "packages/arch_ace-editor/ace-builds/src-noconflict/mode-c9search.js",
      "where": "client",
      "type": "asset",
      "cacheable": false,
      "url": "/packages/arch_ace-editor/ace-builds/src-noconflict/mode-c9search.js",
      "size": 9263,
      "hash": "fd89a6a62e6519e25e3cc13b13f9e3359f33cf44"
    },
    {
      "path": "packages/arch_ace-editor/ace-builds/src-noconflict/mode-c_cpp.js",
      "where": "client",
      "type": "asset",
      "cacheable": false,
      "url": "/packages/arch_ace-editor/ace-builds/src-noconflict/mode-c_cpp.js",
      "size": 33496,
      "hash": "b283ed6a5b155ae5bd0ee0a62bf6a46ac92de767"
    },
    {
      "path": "packages/arch_ace-editor/ace-builds/src-noconflict/mode-cirru.js",
      "where": "client",
      "type": "asset",
      "cacheable": false,
      "url": "/packages/arch_ace-editor/ace-builds/src-noconflict/mode-cirru.js",
      "size": 5941,
      "hash": "4ddd4182df10072d204fa6def3d9e8a5b78d62ce"
    },
    {
      "path": "packages/arch_ace-editor/ace-builds/src-noconflict/mode-clojure.js",
      "where": "client",
      "type": "asset",
      "cacheable": false,
      "url": "/packages/arch_ace-editor/ace-builds/src-noconflict/mode-clojure.js",
      "size": 12747,
      "hash": "2da186f44c2057442b27d06652f0de84dca860de"
    },
    {
      "path": "packages/arch_ace-editor/ace-builds/src-noconflict/mode-cobol.js",
      "where": "client",
      "type": "asset",
      "cacheable": false,
      "url": "/packages/arch_ace-editor/ace-builds/src-noconflict/mode-cobol.js",
      "size": 3377,
      "hash": "ab96e8496400d074444bef8e997337337e8543f6"
    },
    {
      "path": "packages/arch_ace-editor/ace-builds/src-noconflict/mode-coffee.js",
      "where": "client",
      "type": "asset",
      "cacheable": false,
      "url": "/packages/arch_ace-editor/ace-builds/src-noconflict/mode-coffee.js",
      "size": 15077,
      "hash": "0577dc79c6015a64947e6aeaf0a01c46cc51f59d"
    },
    {
      "path": "packages/arch_ace-editor/ace-builds/src-noconflict/mode-coldfusion.js",
      "where": "client",
      "type": "asset",
      "cacheable": false,
      "url": "/packages/arch_ace-editor/ace-builds/src-noconflict/mode-coldfusion.js",
      "size": 118207,
      "hash": "f3bf8a59373b1ee8f8f26d8278c77fc40c853e19"
    },
    {
      "path": "packages/arch_ace-editor/ace-builds/src-noconflict/mode-csharp.js",
      "where": "client",
      "type": "asset",
      "cacheable": false,
      "url": "/packages/arch_ace-editor/ace-builds/src-noconflict/mode-csharp.js",
      "size": 31067,
      "hash": "332edd46cae9e50c071e3aeed593a8e5c1aff4da"
    },
    {
      "path": "packages/arch_ace-editor/ace-builds/src-noconflict/mode-css.js",
      "where": "client",
      "type": "asset",
      "cacheable": false,
      "url": "/packages/arch_ace-editor/ace-builds/src-noconflict/mode-css.js",
      "size": 44308,
      "hash": "300814daf187d6086cda0c6b69476e7cf86daa6e"
    },
    {
      "path": "packages/arch_ace-editor/ace-builds/src-noconflict/mode-curly.js",
      "where": "client",
      "type": "asset",
      "cacheable": false,
      "url": "/packages/arch_ace-editor/ace-builds/src-noconflict/mode-curly.js",
      "size": 116360,
      "hash": "8ad35f1aadd06d6cffe078d85d864fd39b5981ce"
    },
    {
      "path": "packages/arch_ace-editor/ace-builds/src-noconflict/mode-d.js",
      "where": "client",
      "type": "asset",
      "cacheable": false,
      "url": "/packages/arch_ace-editor/ace-builds/src-noconflict/mode-d.js",
      "size": 17473,
      "hash": "c3187000022f00331317f96414d2791228ffb2ca"
    },
    {
      "path": "packages/arch_ace-editor/ace-builds/src-noconflict/mode-dart.js",
      "where": "client",
      "type": "asset",
      "cacheable": false,
      "url": "/packages/arch_ace-editor/ace-builds/src-noconflict/mode-dart.js",
      "size": 39494,
      "hash": "a667ae23ed02b220abb7b92a960e098f27a8b62e"
    },
    {
      "path": "packages/arch_ace-editor/ace-builds/src-noconflict/mode-diff.js",
      "where": "client",
      "type": "asset",
      "cacheable": false,
      "url": "/packages/arch_ace-editor/ace-builds/src-noconflict/mode-diff.js",
      "size": 4466,
      "hash": "3d140870ac2cc55729f78199d7da21613744a738"
    },
    {
      "path": "packages/arch_ace-editor/ace-builds/src-noconflict/mode-django.js",
      "where": "client",
      "type": "asset",
      "cacheable": false,
      "url": "/packages/arch_ace-editor/ace-builds/src-noconflict/mode-django.js",
      "size": 117200,
      "hash": "226a3600853ea82c1e320c1219929fe6b6b55a47"
    },
    {
      "path": "packages/arch_ace-editor/ace-builds/src-noconflict/mode-dockerfile.js",
      "where": "client",
      "type": "asset",
      "cacheable": false,
      "url": "/packages/arch_ace-editor/ace-builds/src-noconflict/mode-dockerfile.js",
      "size": 31057,
      "hash": "36e0ff89cfc88cef5f0a5c9817935bafdc75c460"
    },
    {
      "path": "packages/arch_ace-editor/ace-builds/src-noconflict/mode-dot.js",
      "where": "client",
      "type": "asset",
      "cacheable": false,
      "url": "/packages/arch_ace-editor/ace-builds/src-noconflict/mode-dot.js",
      "size": 13908,
      "hash": "33c28d8f2daa23ce1d3579a4db3e99a183db6c7b"
    },
    {
      "path": "packages/arch_ace-editor/ace-builds/src-noconflict/mode-eiffel.js",
      "where": "client",
      "type": "asset",
      "cacheable": false,
      "url": "/packages/arch_ace-editor/ace-builds/src-noconflict/mode-eiffel.js",
      "size": 4959,
      "hash": "0d2562b40bbeff82dc7dde3cd0987522277fe270"
    },
    {
      "path": "packages/arch_ace-editor/ace-builds/src-noconflict/mode-ejs.js",
      "where": "client",
      "type": "asset",
      "cacheable": false,
      "url": "/packages/arch_ace-editor/ace-builds/src-noconflict/mode-ejs.js",
      "size": 134176,
      "hash": "1af488debe8b79911d63a9399632ce999f155f9e"
    },
    {
      "path": "packages/arch_ace-editor/ace-builds/src-noconflict/mode-elixir.js",
      "where": "client",
      "type": "asset",
      "cacheable": false,
      "url": "/packages/arch_ace-editor/ace-builds/src-noconflict/mode-elixir.js",
      "size": 23258,
      "hash": "d2041a1dee5808961f7c69d9300efc21a577af9d"
    },
    {
      "path": "packages/arch_ace-editor/ace-builds/src-noconflict/mode-elm.js",
      "where": "client",
      "type": "asset",
      "cacheable": false,
      "url": "/packages/arch_ace-editor/ace-builds/src-noconflict/mode-elm.js",
      "size": 9288,
      "hash": "5e44912d54add98cec5ece06268d1b946494f887"
    },
    {
      "path": "packages/arch_ace-editor/ace-builds/src-noconflict/mode-erlang.js",
      "where": "client",
      "type": "asset",
      "cacheable": false,
      "url": "/packages/arch_ace-editor/ace-builds/src-noconflict/mode-erlang.js",
      "size": 46348,
      "hash": "4aea15f33ca0692cc542050567a8b0d33b52b4cc"
    },
    {
      "path": "packages/arch_ace-editor/ace-builds/src-noconflict/mode-forth.js",
      "where": "client",
      "type": "asset",
      "cacheable": false,
      "url": "/packages/arch_ace-editor/ace-builds/src-noconflict/mode-forth.js",
      "size": 11197,
      "hash": "729594187ec63907382a6aba56d09907515171de"
    },
    {
      "path": "packages/arch_ace-editor/ace-builds/src-noconflict/mode-ftl.js",
      "where": "client",
      "type": "asset",
      "cacheable": false,
      "url": "/packages/arch_ace-editor/ace-builds/src-noconflict/mode-ftl.js",
      "size": 50280,
      "hash": "0229191e27b6a3d3b5d4aa8df74b991d3f16fab2"
    },
    {
      "path": "packages/arch_ace-editor/ace-builds/src-noconflict/mode-gcode.js",
      "where": "client",
      "type": "asset",
      "cacheable": false,
      "url": "/packages/arch_ace-editor/ace-builds/src-noconflict/mode-gcode.js",
      "size": 2796,
      "hash": "b5c15e1f63f19f75ea18802284e62c92be193fe8"
    },
    {
      "path": "packages/arch_ace-editor/ace-builds/src-noconflict/mode-gherkin.js",
      "where": "client",
      "type": "asset",
      "cacheable": false,
      "url": "/packages/arch_ace-editor/ace-builds/src-noconflict/mode-gherkin.js",
      "size": 4654,
      "hash": "12699b879dd56c344a19400fb23643d55c3d9ac7"
    },
    {
      "path": "packages/arch_ace-editor/ace-builds/src-noconflict/mode-gitignore.js",
      "where": "client",
      "type": "asset",
      "cacheable": false,
      "url": "/packages/arch_ace-editor/ace-builds/src-noconflict/mode-gitignore.js",
      "size": 1443,
      "hash": "424561d71fe236dbbabbb296e5eb603080abf599"
    },
    {
      "path": "packages/arch_ace-editor/ace-builds/src-noconflict/mode-glsl.js",
      "where": "client",
      "type": "asset",
      "cacheable": false,
      "url": "/packages/arch_ace-editor/ace-builds/src-noconflict/mode-glsl.js",
      "size": 36623,
      "hash": "bdf57567d8bb3b1d184f40318804b89e3a0a13d7"
    },
    {
      "path": "packages/arch_ace-editor/ace-builds/src-noconflict/mode-golang.js",
      "where": "client",
      "type": "asset",
      "cacheable": false,
      "url": "/packages/arch_ace-editor/ace-builds/src-noconflict/mode-golang.js",
      "size": 28734,
      "hash": "48ac68c605ff35620adffaad9959f7469a954545"
    },
    {
      "path": "packages/arch_ace-editor/ace-builds/src-noconflict/mode-groovy.js",
      "where": "client",
      "type": "asset",
      "cacheable": false,
      "url": "/packages/arch_ace-editor/ace-builds/src-noconflict/mode-groovy.js",
      "size": 54021,
      "hash": "6e2ec1f6cdc512df1c22b6d3de90099b8fb3414f"
    },
    {
      "path": "packages/arch_ace-editor/ace-builds/src-noconflict/mode-haml.js",
      "where": "client",
      "type": "asset",
      "cacheable": false,
      "url": "/packages/arch_ace-editor/ace-builds/src-noconflict/mode-haml.js",
      "size": 19142,
      "hash": "1a57f92ea577c3d42aa2ee08ae0411ef9553aaf2"
    },
    {
      "path": "packages/arch_ace-editor/ace-builds/src-noconflict/mode-handlebars.js",
      "where": "client",
      "type": "asset",
      "cacheable": false,
      "url": "/packages/arch_ace-editor/ace-builds/src-noconflict/mode-handlebars.js",
      "size": 117895,
      "hash": "4d1b1fb8945f8d86f2a9c65cc3620edd099f2b99"
    },
    {
      "path": "packages/arch_ace-editor/ace-builds/src-noconflict/mode-haskell.js",
      "where": "client",
      "type": "asset",
      "cacheable": false,
      "url": "/packages/arch_ace-editor/ace-builds/src-noconflict/mode-haskell.js",
      "size": 17091,
      "hash": "bbec979982c36d49f78191b0aba713b7c1946325"
    },
    {
      "path": "packages/arch_ace-editor/ace-builds/src-noconflict/mode-haxe.js",
      "where": "client",
      "type": "asset",
      "cacheable": false,
      "url": "/packages/arch_ace-editor/ace-builds/src-noconflict/mode-haxe.js",
      "size": 27193,
      "hash": "dce487c0873d4a73ca3f4f06129f430e0a38755d"
    },
    {
      "path": "packages/arch_ace-editor/ace-builds/src-noconflict/mode-html.js",
      "where": "client",
      "type": "asset",
      "cacheable": false,
      "url": "/packages/arch_ace-editor/ace-builds/src-noconflict/mode-html.js",
      "size": 114660,
      "hash": "eb483d0db478717c01a024b56021a359881f54bb"
    },
    {
      "path": "packages/arch_ace-editor/ace-builds/src-noconflict/mode-html_elixir.js",
      "where": "client",
      "type": "asset",
      "cacheable": false,
      "url": "/packages/arch_ace-editor/ace-builds/src-noconflict/mode-html_elixir.js",
      "size": 140568,
      "hash": "1582faee2ba6b00a9a4599285f256bed6a3a3b4e"
    },
    {
      "path": "packages/arch_ace-editor/ace-builds/src-noconflict/mode-html_ruby.js",
      "where": "client",
      "type": "asset",
      "cacheable": false,
      "url": "/packages/arch_ace-editor/ace-builds/src-noconflict/mode-html_ruby.js",
      "size": 134959,
      "hash": "d63e09ebc0ef58c4c07db8d05c87f41d8a8d2847"
    },
    {
      "path": "packages/arch_ace-editor/ace-builds/src-noconflict/mode-ini.js",
      "where": "client",
      "type": "asset",
      "cacheable": false,
      "url": "/packages/arch_ace-editor/ace-builds/src-noconflict/mode-ini.js",
      "size": 4639,
      "hash": "0d1f4546b789ca3336d10665219939cafad53f4e"
    },
    {
      "path": "packages/arch_ace-editor/ace-builds/src-noconflict/mode-io.js",
      "where": "client",
      "type": "asset",
      "cacheable": false,
      "url": "/packages/arch_ace-editor/ace-builds/src-noconflict/mode-io.js",
      "size": 9409,
      "hash": "9064aba387beea8d5cbf460e94c1165343c42d04"
    },
    {
      "path": "packages/arch_ace-editor/ace-builds/src-noconflict/mode-jack.js",
      "where": "client",
      "type": "asset",
      "cacheable": false,
      "url": "/packages/arch_ace-editor/ace-builds/src-noconflict/mode-jack.js",
      "size": 25856,
      "hash": "e6a8fc93a01ea451a0319a280acb991d9f41cd85"
    },
    {
      "path": "packages/arch_ace-editor/ace-builds/src-noconflict/mode-jade.js",
      "where": "client",
      "type": "asset",
      "cacheable": false,
      "url": "/packages/arch_ace-editor/ace-builds/src-noconflict/mode-jade.js",
      "size": 92408,
      "hash": "68bd5a0267a1577f8e66af1bc5cc4f0dbcc37b5b"
    },
    {
      "path": "packages/arch_ace-editor/ace-builds/src-noconflict/mode-java.js",
      "where": "client",
      "type": "asset",
      "cacheable": false,
      "url": "/packages/arch_ace-editor/ace-builds/src-noconflict/mode-java.js",
      "size": 52546,
      "hash": "92ecca424d90ea1b48cbc7d89cbd59371c86b9cf"
    },
    {
      "path": "packages/arch_ace-editor/ace-builds/src-noconflict/mode-javascript.js",
      "where": "client",
      "type": "asset",
      "cacheable": false,
      "url": "/packages/arch_ace-editor/ace-builds/src-noconflict/mode-javascript.js",
      "size": 46786,
      "hash": "59201541c51cc19a974e78531c827aafc0a2bdf7"
    },
    {
      "path": "packages/arch_ace-editor/ace-builds/src-noconflict/mode-json.js",
      "where": "client",
      "type": "asset",
      "cacheable": false,
      "url": "/packages/arch_ace-editor/ace-builds/src-noconflict/mode-json.js",
      "size": 24765,
      "hash": "5c4c653f915908dca36cc5c06a93dfadd1519d74"
    },
    {
      "path": "packages/arch_ace-editor/ace-builds/src-noconflict/mode-jsoniq.js",
      "where": "client",
      "type": "asset",
      "cacheable": false,
      "url": "/packages/arch_ace-editor/ace-builds/src-noconflict/mode-jsoniq.js",
      "size": 341595,
      "hash": "a824d2ef3f1d5ea171dc64ba30f43b0e96877501"
    },
    {
      "path": "packages/arch_ace-editor/ace-builds/src-noconflict/mode-jsp.js",
      "where": "client",
      "type": "asset",
      "cacheable": false,
      "url": "/packages/arch_ace-editor/ace-builds/src-noconflict/mode-jsp.js",
      "size": 72553,
      "hash": "5acfd55f5b898a3af85cae586fd72e6029f089bf"
    },
    {
      "path": "packages/arch_ace-editor/ace-builds/src-noconflict/mode-jsx.js",
      "where": "client",
      "type": "asset",
      "cacheable": false,
      "url": "/packages/arch_ace-editor/ace-builds/src-noconflict/mode-jsx.js",
      "size": 28309,
      "hash": "1cee8834579865ec36e3d372a693752fde81e52e"
    },
    {
      "path": "packages/arch_ace-editor/ace-builds/src-noconflict/mode-julia.js",
      "where": "client",
      "type": "asset",
      "cacheable": false,
      "url": "/packages/arch_ace-editor/ace-builds/src-noconflict/mode-julia.js",
      "size": 11846,
      "hash": "6b8cdf13d4a16cfe5a9d77116e7ceaa62d3d7c63"
    },
    {
      "path": "packages/arch_ace-editor/ace-builds/src-noconflict/mode-latex.js",
      "where": "client",
      "type": "asset",
      "cacheable": false,
      "url": "/packages/arch_ace-editor/ace-builds/src-noconflict/mode-latex.js",
      "size": 7272,
      "hash": "1b6a2ee55a44abd2808db72f9a61cc62baaa1d13"
    },
    {
      "path": "packages/arch_ace-editor/ace-builds/src-noconflict/mode-lean.js",
      "where": "client",
      "type": "asset",
      "cacheable": false,
      "url": "/packages/arch_ace-editor/ace-builds/src-noconflict/mode-lean.js",
      "size": 9687,
      "hash": "be499c482e50f5d7a879db2b2fd9256f539d6d69"
    },
    {
      "path": "packages/arch_ace-editor/ace-builds/src-noconflict/mode-less.js",
      "where": "client",
      "type": "asset",
      "cacheable": false,
      "url": "/packages/arch_ace-editor/ace-builds/src-noconflict/mode-less.js",
      "size": 36458,
      "hash": "4739c84363cc4678914157c15eb83d00f778625c"
    },
    {
      "path": "packages/arch_ace-editor/ace-builds/src-noconflict/mode-liquid.js",
      "where": "client",
      "type": "asset",
      "cacheable": false,
      "url": "/packages/arch_ace-editor/ace-builds/src-noconflict/mode-liquid.js",
      "size": 49876,
      "hash": "febd8cf3db02d8735109d7c12e33f2e55777f148"
    },
    {
      "path": "packages/arch_ace-editor/ace-builds/src-noconflict/mode-lisp.js",
      "where": "client",
      "type": "asset",
      "cacheable": false,
      "url": "/packages/arch_ace-editor/ace-builds/src-noconflict/mode-lisp.js",
      "size": 3187,
      "hash": "a7d88d6fad80be6a83a27cbda109d2b1a03cbb82"
    },
    {
      "path": "packages/arch_ace-editor/ace-builds/src-noconflict/mode-live_script.js",
      "where": "client",
      "type": "asset",
      "cacheable": false,
      "url": "/packages/arch_ace-editor/ace-builds/src-noconflict/mode-live_script.js",
      "size": 27351,
      "hash": "047fc0b1a266f9e93d6717b3202cbba8918d4533"
    },
    {
      "path": "packages/arch_ace-editor/ace-builds/src-noconflict/mode-livescript.js",
      "where": "client",
      "type": "asset",
      "cacheable": false,
      "url": "/packages/arch_ace-editor/ace-builds/src-noconflict/mode-livescript.js",
      "size": 8640,
      "hash": "74cc5d31aab350e71d219209e1ed7b4c13867443"
    },
    {
      "path": "packages/arch_ace-editor/ace-builds/src-noconflict/mode-logiql.js",
      "where": "client",
      "type": "asset",
      "cacheable": false,
      "url": "/packages/arch_ace-editor/ace-builds/src-noconflict/mode-logiql.js",
      "size": 25497,
      "hash": "93a9797997d8b211a3ca0dabe0d252b232594ec9"
    },
    {
      "path": "packages/arch_ace-editor/ace-builds/src-noconflict/mode-lsl.js",
      "where": "client",
      "type": "asset",
      "cacheable": false,
      "url": "/packages/arch_ace-editor/ace-builds/src-noconflict/mode-lsl.js",
      "size": 46462,
      "hash": "66e45dc61790c061fc513f6acb14b26bc3098f81"
    },
    {
      "path": "packages/arch_ace-editor/ace-builds/src-noconflict/mode-lua.js",
      "where": "client",
      "type": "asset",
      "cacheable": false,
      "url": "/packages/arch_ace-editor/ace-builds/src-noconflict/mode-lua.js",
      "size": 14506,
      "hash": "5a220ddafb62cae8abeda4e9b540e6afb1881a10"
    },
    {
      "path": "packages/arch_ace-editor/ace-builds/src-noconflict/mode-luapage.js",
      "where": "client",
      "type": "asset",
      "cacheable": false,
      "url": "/packages/arch_ace-editor/ace-builds/src-noconflict/mode-luapage.js",
      "size": 131130,
      "hash": "51e5633ae87f3205fc81ba9fe16ea970578e3f12"
    },
    {
      "path": "packages/arch_ace-editor/ace-builds/src-noconflict/mode-lucene.js",
      "where": "client",
      "type": "asset",
      "cacheable": false,
      "url": "/packages/arch_ace-editor/ace-builds/src-noconflict/mode-lucene.js",
      "size": 2078,
      "hash": "3f541a42557b8d7dbddd5bf669fbcc0f753a4cef"
    },
    {
      "path": "packages/arch_ace-editor/ace-builds/src-noconflict/mode-makefile.js",
      "where": "client",
      "type": "asset",
      "cacheable": false,
      "url": "/packages/arch_ace-editor/ace-builds/src-noconflict/mode-makefile.js",
      "size": 13060,
      "hash": "9fc0e038f5ae08dbb0511fc60d57ec0da76e7e41"
    },
    {
      "path": "packages/arch_ace-editor/ace-builds/src-noconflict/mode-markdown.js",
      "where": "client",
      "type": "asset",
      "cacheable": false,
      "url": "/packages/arch_ace-editor/ace-builds/src-noconflict/mode-markdown.js",
      "size": 127551,
      "hash": "cb7669047592846cb828c873bd5a4c23f395df19"
    },
    {
      "path": "packages/arch_ace-editor/ace-builds/src-noconflict/mode-mask.js",
      "where": "client",
      "type": "asset",
      "cacheable": false,
      "url": "/packages/arch_ace-editor/ace-builds/src-noconflict/mode-mask.js",
      "size": 85476,
      "hash": "b226a3fe78faebaadf3199ee9e81f89565b3f48d"
    },
    {
      "path": "packages/arch_ace-editor/ace-builds/src-noconflict/mode-matlab.js",
      "where": "client",
      "type": "asset",
      "cacheable": false,
      "url": "/packages/arch_ace-editor/ace-builds/src-noconflict/mode-matlab.js",
      "size": 23162,
      "hash": "b55bf93b3a617c4fb92c18e48799691960e2a5c5"
    },
    {
      "path": "packages/arch_ace-editor/ace-builds/src-noconflict/mode-mavens_mate_log.js",
      "where": "client",
      "type": "asset",
      "cacheable": false,
      "url": "/packages/arch_ace-editor/ace-builds/src-noconflict/mode-mavens_mate_log.js",
      "size": 5339,
      "hash": "c5f75fa8f4537148fc51f30b6f6710067deca470"
    },
    {
      "path": "packages/arch_ace-editor/ace-builds/src-noconflict/mode-maze.js",
      "where": "client",
      "type": "asset",
      "cacheable": false,
      "url": "/packages/arch_ace-editor/ace-builds/src-noconflict/mode-maze.js",
      "size": 9017,
      "hash": "e24017c44c12cd6b066ae4866bc1632f84f48fea"
    },
    {
      "path": "packages/arch_ace-editor/ace-builds/src-noconflict/mode-mel.js",
      "where": "client",
      "type": "asset",
      "cacheable": false,
      "url": "/packages/arch_ace-editor/ace-builds/src-noconflict/mode-mel.js",
      "size": 43730,
      "hash": "32d8dbee0137d8aecb9839443f17b903348a40b0"
    },
    {
      "path": "packages/arch_ace-editor/ace-builds/src-noconflict/mode-mips_assembler.js",
      "where": "client",
      "type": "asset",
      "cacheable": false,
      "url": "/packages/arch_ace-editor/ace-builds/src-noconflict/mode-mips_assembler.js",
      "size": 9557,
      "hash": "225292904d550dc7bcca5650e8093d30cad2fe77"
    },
    {
      "path": "packages/arch_ace-editor/ace-builds/src-noconflict/mode-mipsassembler.js",
      "where": "client",
      "type": "asset",
      "cacheable": false,
      "url": "/packages/arch_ace-editor/ace-builds/src-noconflict/mode-mipsassembler.js",
      "size": 6231,
      "hash": "fe505a1a2a08918cd809b795eec144888b57479d"
    },
    {
      "path": "packages/arch_ace-editor/ace-builds/src-noconflict/mode-mushcode.js",
      "where": "client",
      "type": "asset",
      "cacheable": false,
      "url": "/packages/arch_ace-editor/ace-builds/src-noconflict/mode-mushcode.js",
      "size": 12003,
      "hash": "5b918a418e38ed54ccd29483f25afdc95959213d"
    },
    {
      "path": "packages/arch_ace-editor/ace-builds/src-noconflict/mode-mysql.js",
      "where": "client",
      "type": "asset",
      "cacheable": false,
      "url": "/packages/arch_ace-editor/ace-builds/src-noconflict/mode-mysql.js",
      "size": 8692,
      "hash": "0782c44e174502976db2cf28ce3c63235fca7284"
    },
    {
      "path": "packages/arch_ace-editor/ace-builds/src-noconflict/mode-nix.js",
      "where": "client",
      "type": "asset",
      "cacheable": false,
      "url": "/packages/arch_ace-editor/ace-builds/src-noconflict/mode-nix.js",
      "size": 38351,
      "hash": "35a75b9e439831130b09a3c7fef82bd4a08b05c6"
    },
    {
      "path": "packages/arch_ace-editor/ace-builds/src-noconflict/mode-objectivec.js",
      "where": "client",
      "type": "asset",
      "cacheable": false,
      "url": "/packages/arch_ace-editor/ace-builds/src-noconflict/mode-objectivec.js",
      "size": 65129,
      "hash": "7050dcbd680e6c391f9c52e0140438a2b9355a53"
    },
    {
      "path": "packages/arch_ace-editor/ace-builds/src-noconflict/mode-ocaml.js",
      "where": "client",
      "type": "asset",
      "cacheable": false,
      "url": "/packages/arch_ace-editor/ace-builds/src-noconflict/mode-ocaml.js",
      "size": 21466,
      "hash": "b0813f614c6d7bea735fdca2c405e530cc76594a"
    },
    {
      "path": "packages/arch_ace-editor/ace-builds/src-noconflict/mode-pascal.js",
      "where": "client",
      "type": "asset",
      "cacheable": false,
      "url": "/packages/arch_ace-editor/ace-builds/src-noconflict/mode-pascal.js",
      "size": 7559,
      "hash": "ecea2e4cef31f15705f212d0fd6944a5fb51574e"
    },
    {
      "path": "packages/arch_ace-editor/ace-builds/src-noconflict/mode-perl.js",
      "where": "client",
      "type": "asset",
      "cacheable": false,
      "url": "/packages/arch_ace-editor/ace-builds/src-noconflict/mode-perl.js",
      "size": 13040,
      "hash": "23f78555a0f8dcd8c04090cff71904abac77ec53"
    },
    {
      "path": "packages/arch_ace-editor/ace-builds/src-noconflict/mode-pgsql.js",
      "where": "client",
      "type": "asset",
      "cacheable": false,
      "url": "/packages/arch_ace-editor/ace-builds/src-noconflict/mode-pgsql.js",
      "size": 80606,
      "hash": "7d11b63db156e17485d169432be2d4c7142bbe6a"
    },
    {
      "path": "packages/arch_ace-editor/ace-builds/src-noconflict/mode-php.js",
      "where": "client",
      "type": "asset",
      "cacheable": false,
      "url": "/packages/arch_ace-editor/ace-builds/src-noconflict/mode-php.js",
      "size": 623934,
      "hash": "980113492233d6554c42b8ec4ddbfcfa2f4cfd40"
    },
    {
      "path": "packages/arch_ace-editor/ace-builds/src-noconflict/mode-plain_text.js",
      "where": "client",
      "type": "asset",
      "cacheable": false,
      "url": "/packages/arch_ace-editor/ace-builds/src-noconflict/mode-plain_text.js",
      "size": 757,
      "hash": "fc263876f1751a1f85f6fefe53369f627565fd41"
    },
    {
      "path": "packages/arch_ace-editor/ace-builds/src-noconflict/mode-powershell.js",
      "where": "client",
      "type": "asset",
      "cacheable": false,
      "url": "/packages/arch_ace-editor/ace-builds/src-noconflict/mode-powershell.js",
      "size": 29983,
      "hash": "926c999f3317077a0e3710a4e9d26c78610d7976"
    },
    {
      "path": "packages/arch_ace-editor/ace-builds/src-noconflict/mode-praat.js",
      "where": "client",
      "type": "asset",
      "cacheable": false,
      "url": "/packages/arch_ace-editor/ace-builds/src-noconflict/mode-praat.js",
      "size": 17467,
      "hash": "a300b82a959573fdc0423302a019ac5dd70f2903"
    },
    {
      "path": "packages/arch_ace-editor/ace-builds/src-noconflict/mode-prolog.js",
      "where": "client",
      "type": "asset",
      "cacheable": false,
      "url": "/packages/arch_ace-editor/ace-builds/src-noconflict/mode-prolog.js",
      "size": 14036,
      "hash": "34ae062655068a991303f32533e68602a4834c24"
    },
    {
      "path": "packages/arch_ace-editor/ace-builds/src-noconflict/mode-properties.js",
      "where": "client",
      "type": "asset",
      "cacheable": false,
      "url": "/packages/arch_ace-editor/ace-builds/src-noconflict/mode-properties.js",
      "size": 2019,
      "hash": "85cc9c688043c294f3e1bb2dfa21d3a2834e13a2"
    },
    {
      "path": "packages/arch_ace-editor/ace-builds/src-noconflict/mode-protobuf.js",
      "where": "client",
      "type": "asset",
      "cacheable": false,
      "url": "/packages/arch_ace-editor/ace-builds/src-noconflict/mode-protobuf.js",
      "size": 36803,
      "hash": "f99809134d6df647792ddecc72d19510f90a793a"
    },
    {
      "path": "packages/arch_ace-editor/ace-builds/src-noconflict/mode-python.js",
      "where": "client",
      "type": "asset",
      "cacheable": false,
      "url": "/packages/arch_ace-editor/ace-builds/src-noconflict/mode-python.js",
      "size": 8683,
      "hash": "3d8acf6f618ddcbf4159ec2afaa5dc56bcd0be11"
    },
    {
      "path": "packages/arch_ace-editor/ace-builds/src-noconflict/mode-r.js",
      "where": "client",
      "type": "asset",
      "cacheable": false,
      "url": "/packages/arch_ace-editor/ace-builds/src-noconflict/mode-r.js",
      "size": 9582,
      "hash": "a2cbb57c2987ec7a6d5ba7b8c329f1d8ce4523a6"
    },
    {
      "path": "packages/arch_ace-editor/ace-builds/src-noconflict/mode-rdoc.js",
      "where": "client",
      "type": "asset",
      "cacheable": false,
      "url": "/packages/arch_ace-editor/ace-builds/src-noconflict/mode-rdoc.js",
      "size": 6807,
      "hash": "82e1b1bc8ee9420204dc3d747b44f9f02ddb5a8c"
    },
    {
      "path": "packages/arch_ace-editor/ace-builds/src-noconflict/mode-rhtml.js",
      "where": "client",
      "type": "asset",
      "cacheable": false,
      "url": "/packages/arch_ace-editor/ace-builds/src-noconflict/mode-rhtml.js",
      "size": 124122,
      "hash": "e8fb322ff5ef9de7fd92833d93540d8c1af36fae"
    },
    {
      "path": "packages/arch_ace-editor/ace-builds/src-noconflict/mode-ruby.js",
      "where": "client",
      "type": "asset",
      "cacheable": false,
      "url": "/packages/arch_ace-editor/ace-builds/src-noconflict/mode-ruby.js",
      "size": 33648,
      "hash": "32af9171a434e704e9f525506872bf28e5ef9a0a"
    },
    {
      "path": "packages/arch_ace-editor/ace-builds/src-noconflict/mode-rust.js",
      "where": "client",
      "type": "asset",
      "cacheable": false,
      "url": "/packages/arch_ace-editor/ace-builds/src-noconflict/mode-rust.js",
      "size": 11379,
      "hash": "dcdb59b365790c2b428b1b71dfe4e87913c45b1c"
    },
    {
      "path": "packages/arch_ace-editor/ace-builds/src-noconflict/mode-sass.js",
      "where": "client",
      "type": "asset",
      "cacheable": false,
      "url": "/packages/arch_ace-editor/ace-builds/src-noconflict/mode-sass.js",
      "size": 17111,
      "hash": "952c14810e3e4c746088d7ebdd2cc7cd82fb5cd0"
    },
    {
      "path": "packages/arch_ace-editor/ace-builds/src-noconflict/mode-scad.js",
      "where": "client",
      "type": "asset",
      "cacheable": false,
      "url": "/packages/arch_ace-editor/ace-builds/src-noconflict/mode-scad.js",
      "size": 27884,
      "hash": "6a2d365e25afc1bd34c04b11c50e75701fd928aa"
    },
    {
      "path": "packages/arch_ace-editor/ace-builds/src-noconflict/mode-scala.js",
      "where": "client",
      "type": "asset",
      "cacheable": false,
      "url": "/packages/arch_ace-editor/ace-builds/src-noconflict/mode-scala.js",
      "size": 54210,
      "hash": "9ddd985e9921246dafa0c6cffa387b64676ec535"
    },
    {
      "path": "packages/arch_ace-editor/ace-builds/src-noconflict/mode-scheme.js",
      "where": "client",
      "type": "asset",
      "cacheable": false,
      "url": "/packages/arch_ace-editor/ace-builds/src-noconflict/mode-scheme.js",
      "size": 6945,
      "hash": "f21fb0781c0ca6f88cdeaf869835d79242a1cd58"
    },
    {
      "path": "packages/arch_ace-editor/ace-builds/src-noconflict/mode-scss.js",
      "where": "client",
      "type": "asset",
      "cacheable": false,
      "url": "/packages/arch_ace-editor/ace-builds/src-noconflict/mode-scss.js",
      "size": 37316,
      "hash": "90fa7c99bd74c2d6aa548c0401e9a81136078528"
    },
    {
      "path": "packages/arch_ace-editor/ace-builds/src-noconflict/mode-sh.js",
      "where": "client",
      "type": "asset",
      "cacheable": false,
      "url": "/packages/arch_ace-editor/ace-builds/src-noconflict/mode-sh.js",
      "size": 29395,
      "hash": "ec4459230a75a59b4d3dcf92d3e782ac79f103fe"
    },
    {
      "path": "packages/arch_ace-editor/ace-builds/src-noconflict/mode-sjs.js",
      "where": "client",
      "type": "asset",
      "cacheable": false,
      "url": "/packages/arch_ace-editor/ace-builds/src-noconflict/mode-sjs.js",
      "size": 52907,
      "hash": "57449786f154cb4de41a130298b268a84aab24d1"
    },
    {
      "path": "packages/arch_ace-editor/ace-builds/src-noconflict/mode-smarty.js",
      "where": "client",
      "type": "asset",
      "cacheable": false,
      "url": "/packages/arch_ace-editor/ace-builds/src-noconflict/mode-smarty.js",
      "size": 119738,
      "hash": "6b02429931ea7ba624fc52602c7206336855bcf9"
    },
    {
      "path": "packages/arch_ace-editor/ace-builds/src-noconflict/mode-snippets.js",
      "where": "client",
      "type": "asset",
      "cacheable": false,
      "url": "/packages/arch_ace-editor/ace-builds/src-noconflict/mode-snippets.js",
      "size": 6735,
      "hash": "8d541b73cc19b5d771ca51dccd2d730178e27ccc"
    },
    {
      "path": "packages/arch_ace-editor/ace-builds/src-noconflict/mode-soy_template.js",
      "where": "client",
      "type": "asset",
      "cacheable": false,
      "url": "/packages/arch_ace-editor/ace-builds/src-noconflict/mode-soy_template.js",
      "size": 128233,
      "hash": "2c81a9b0162eb95525ea4e541d2c204244d61133"
    },
    {
      "path": "packages/arch_ace-editor/ace-builds/src-noconflict/mode-space.js",
      "where": "client",
      "type": "asset",
      "cacheable": false,
      "url": "/packages/arch_ace-editor/ace-builds/src-noconflict/mode-space.js",
      "size": 4752,
      "hash": "61df4df85aabb54d6e53b8c10a557c3c626a815e"
    },
    {
      "path": "packages/arch_ace-editor/ace-builds/src-noconflict/mode-sql.js",
      "where": "client",
      "type": "asset",
      "cacheable": false,
      "url": "/packages/arch_ace-editor/ace-builds/src-noconflict/mode-sql.js",
      "size": 2999,
      "hash": "ee034fe69830b2a51860e8bbfeb4e4e56f1eda96"
    },
    {
      "path": "packages/arch_ace-editor/ace-builds/src-noconflict/mode-sqlserver.js",
      "where": "client",
      "type": "asset",
      "cacheable": false,
      "url": "/packages/arch_ace-editor/ace-builds/src-noconflict/mode-sqlserver.js",
      "size": 23313,
      "hash": "ca0ceb76d023a7f4b3a24b63ce683473b551189a"
    },
    {
      "path": "packages/arch_ace-editor/ace-builds/src-noconflict/mode-stylus.js",
      "where": "client",
      "type": "asset",
      "cacheable": false,
      "url": "/packages/arch_ace-editor/ace-builds/src-noconflict/mode-stylus.js",
      "size": 19514,
      "hash": "e2f4d7728b5ce78e1dd53cd82fe99f0ea0dd84da"
    },
    {
      "path": "packages/arch_ace-editor/ace-builds/src-noconflict/mode-svg.js",
      "where": "client",
      "type": "asset",
      "cacheable": false,
      "url": "/packages/arch_ace-editor/ace-builds/src-noconflict/mode-svg.js",
      "size": 73780,
      "hash": "a29c14d8ec9bf2a1475621b2ad102371531f9bfc"
    },
    {
      "path": "packages/arch_ace-editor/ace-builds/src-noconflict/mode-swift.js",
      "where": "client",
      "type": "asset",
      "cacheable": false,
      "url": "/packages/arch_ace-editor/ace-builds/src-noconflict/mode-swift.js",
      "size": 28067,
      "hash": "8df1dc8a3566913328c3d2830ad958e203536221"
    },
    {
      "path": "packages/arch_ace-editor/ace-builds/src-noconflict/mode-swig.js",
      "where": "client",
      "type": "asset",
      "cacheable": false,
      "url": "/packages/arch_ace-editor/ace-builds/src-noconflict/mode-swig.js",
      "size": 48207,
      "hash": "6a4674e611bc9dac550e9c8efdbe5fc8abed7fad"
    },
    {
      "path": "packages/arch_ace-editor/ace-builds/src-noconflict/mode-tcl.js",
      "where": "client",
      "type": "asset",
      "cacheable": false,
      "url": "/packages/arch_ace-editor/ace-builds/src-noconflict/mode-tcl.js",
      "size": 12091,
      "hash": "22908ca8730189b303037c5a6c08c58171993a0f"
    },
    {
      "path": "packages/arch_ace-editor/ace-builds/src-noconflict/mode-tex.js",
      "where": "client",
      "type": "asset",
      "cacheable": false,
      "url": "/packages/arch_ace-editor/ace-builds/src-noconflict/mode-tex.js",
      "size": 4821,
      "hash": "287cbebcd081ee6b49a5167d9a9a941900623698"
    },
    {
      "path": "packages/arch_ace-editor/ace-builds/src-noconflict/mode-text.js",
      "where": "client",
      "type": "asset",
      "cacheable": false,
      "url": "/packages/arch_ace-editor/ace-builds/src-noconflict/mode-text.js",
      "size": 1,
      "hash": "c72cbce67bb1929f934567ffc2afb97037374d6f"
    },
    {
      "path": "packages/arch_ace-editor/ace-builds/src-noconflict/mode-textile.js",
      "where": "client",
      "type": "asset",
      "cacheable": false,
      "url": "/packages/arch_ace-editor/ace-builds/src-noconflict/mode-textile.js",
      "size": 3918,
      "hash": "f2e463a3505800e11a94b8fb5addae7de87728f7"
    },
    {
      "path": "packages/arch_ace-editor/ace-builds/src-noconflict/mode-toml.js",
      "where": "client",
      "type": "asset",
      "cacheable": false,
      "url": "/packages/arch_ace-editor/ace-builds/src-noconflict/mode-toml.js",
      "size": 3912,
      "hash": "61c56adc686c38c0956576f965411a61f6134020"
    },
    {
      "path": "packages/arch_ace-editor/ace-builds/src-noconflict/mode-twig.js",
      "where": "client",
      "type": "asset",
      "cacheable": false,
      "url": "/packages/arch_ace-editor/ace-builds/src-noconflict/mode-twig.js",
      "size": 120462,
      "hash": "f0a924638c56585e57178ebce0bdbbdae013ae0a"
    },
    {
      "path": "packages/arch_ace-editor/ace-builds/src-noconflict/mode-typescript.js",
      "where": "client",
      "type": "asset",
      "cacheable": false,
      "url": "/packages/arch_ace-editor/ace-builds/src-noconflict/mode-typescript.js",
      "size": 49989,
      "hash": "1867f375e6226b70920f2c7829f41e1f9a542f63"
    },
    {
      "path": "packages/arch_ace-editor/ace-builds/src-noconflict/mode-vala.js",
      "where": "client",
      "type": "asset",
      "cacheable": false,
      "url": "/packages/arch_ace-editor/ace-builds/src-noconflict/mode-vala.js",
      "size": 42303,
      "hash": "deddde547d8159744b631ebb2a5a5919ed1bff39"
    },
    {
      "path": "packages/arch_ace-editor/ace-builds/src-noconflict/mode-vbscript.js",
      "where": "client",
      "type": "asset",
      "cacheable": false,
      "url": "/packages/arch_ace-editor/ace-builds/src-noconflict/mode-vbscript.js",
      "size": 8173,
      "hash": "4520101ad0365056e5a501e92f534a06efdda91a"
    },
    {
      "path": "packages/arch_ace-editor/ace-builds/src-noconflict/mode-velocity.js",
      "where": "client",
      "type": "asset",
      "cacheable": false,
      "url": "/packages/arch_ace-editor/ace-builds/src-noconflict/mode-velocity.js",
      "size": 124006,
      "hash": "2414ec0dfd039092206dc7e3a160fee0ab886bf6"
    },
    {
      "path": "packages/arch_ace-editor/ace-builds/src-noconflict/mode-verilog.js",
      "where": "client",
      "type": "asset",
      "cacheable": false,
      "url": "/packages/arch_ace-editor/ace-builds/src-noconflict/mode-verilog.js",
      "size": 3888,
      "hash": "57b0f043697442eda34a552b9771e0d9e0dc3270"
    },
    {
      "path": "packages/arch_ace-editor/ace-builds/src-noconflict/mode-vhdl.js",
      "where": "client",
      "type": "asset",
      "cacheable": false,
      "url": "/packages/arch_ace-editor/ace-builds/src-noconflict/mode-vhdl.js",
      "size": 3590,
      "hash": "3bdd2cf0514f3b121c866063a14b47551453a7ba"
    },
    {
      "path": "packages/arch_ace-editor/ace-builds/src-noconflict/mode-xml.js",
      "where": "client",
      "type": "asset",
      "cacheable": false,
      "url": "/packages/arch_ace-editor/ace-builds/src-noconflict/mode-xml.js",
      "size": 23428,
      "hash": "cae9704f545ba818a25f02f2926f5161f67e0c79"
    },
    {
      "path": "packages/arch_ace-editor/ace-builds/src-noconflict/mode-xquery.js",
      "where": "client",
      "type": "asset",
      "cacheable": false,
      "url": "/packages/arch_ace-editor/ace-builds/src-noconflict/mode-xquery.js",
      "size": 338802,
      "hash": "c7d004001607717b8104a6a210986cd0a09f2b45"
    },
    {
      "path": "packages/arch_ace-editor/ace-builds/src-noconflict/mode-yaml.js",
      "where": "client",
      "type": "asset",
      "cacheable": false,
      "url": "/packages/arch_ace-editor/ace-builds/src-noconflict/mode-yaml.js",
      "size": 7883,
      "hash": "eedbb2d705db00155e1b13814daf81908d3bed66"
    },
    {
      "path": "packages/arch_ace-editor/ace-builds/src-noconflict/theme-ambiance.js",
      "where": "client",
      "type": "asset",
      "cacheable": false,
      "url": "/packages/arch_ace-editor/ace-builds/src-noconflict/theme-ambiance.js",
      "size": 28198,
      "hash": "c34b8d4a4ea7f6e64aaf0e54cd4d97a28576d9d3"
    },
    {
      "path": "packages/arch_ace-editor/ace-builds/src-noconflict/theme-chaos.js",
      "where": "client",
      "type": "asset",
      "cacheable": false,
      "url": "/packages/arch_ace-editor/ace-builds/src-noconflict/theme-chaos.js",
      "size": 3209,
      "hash": "6886ec404be356deba0ce0ee8453115f25707337"
    },
    {
      "path": "packages/arch_ace-editor/ace-builds/src-noconflict/theme-chrome.js",
      "where": "client",
      "type": "asset",
      "cacheable": false,
      "url": "/packages/arch_ace-editor/ace-builds/src-noconflict/theme-chrome.js",
      "size": 3036,
      "hash": "6fe378646d70256d72dd29a5577b5dc9371dfc33"
    },
    {
      "path": "packages/arch_ace-editor/ace-builds/src-noconflict/theme-clouds.js",
      "where": "client",
      "type": "asset",
      "cacheable": false,
      "url": "/packages/arch_ace-editor/ace-builds/src-noconflict/theme-clouds.js",
      "size": 2339,
      "hash": "aebffa00ce763a2b24d5ff699b363f3519343ccd"
    },
    {
      "path": "packages/arch_ace-editor/ace-builds/src-noconflict/theme-clouds_midnight.js",
      "where": "client",
      "type": "asset",
      "cacheable": false,
      "url": "/packages/arch_ace-editor/ace-builds/src-noconflict/theme-clouds_midnight.js",
      "size": 2689,
      "hash": "b4203587d7b9a8730ad7eb24ef9ea26cf2a0ba3a"
    },
    {
      "path": "packages/arch_ace-editor/ace-builds/src-noconflict/theme-cobalt.js",
      "where": "client",
      "type": "asset",
      "cacheable": false,
      "url": "/packages/arch_ace-editor/ace-builds/src-noconflict/theme-cobalt.js",
      "size": 2644,
      "hash": "fbb680585909e9c99395f86ece535a1bb42b3a58"
    },
    {
      "path": "packages/arch_ace-editor/ace-builds/src-noconflict/theme-crimson_editor.js",
      "where": "client",
      "type": "asset",
      "cacheable": false,
      "url": "/packages/arch_ace-editor/ace-builds/src-noconflict/theme-crimson_editor.js",
      "size": 3116,
      "hash": "b3da0bc5b3c95ab9d0570aa5091634b57c60d168"
    },
    {
      "path": "packages/arch_ace-editor/ace-builds/src-noconflict/theme-dawn.js",
      "where": "client",
      "type": "asset",
      "cacheable": false,
      "url": "/packages/arch_ace-editor/ace-builds/src-noconflict/theme-dawn.js",
      "size": 2522,
      "hash": "8c05afe48f06cd914294386021fae2dd428421da"
    },
    {
      "path": "packages/arch_ace-editor/ace-builds/src-noconflict/theme-dreamweaver.js",
      "where": "client",
      "type": "asset",
      "cacheable": false,
      "url": "/packages/arch_ace-editor/ace-builds/src-noconflict/theme-dreamweaver.js",
      "size": 3489,
      "hash": "4e983779a25a7ab7d84045d9cddac1b38bb02fce"
    },
    {
      "path": "packages/arch_ace-editor/ace-builds/src-noconflict/theme-eclipse.js",
      "where": "client",
      "type": "asset",
      "cacheable": false,
      "url": "/packages/arch_ace-editor/ace-builds/src-noconflict/theme-eclipse.js",
      "size": 2387,
      "hash": "4bb86ba6c269a1de904484aaefa0dc934866ecbe"
    },
    {
      "path": "packages/arch_ace-editor/ace-builds/src-noconflict/theme-github.js",
      "where": "client",
      "type": "asset",
      "cacheable": false,
      "url": "/packages/arch_ace-editor/ace-builds/src-noconflict/theme-github.js",
      "size": 2458,
      "hash": "7c8644c43fa62a11cc84851dca6197bc36aa30eb"
    },
    {
      "path": "packages/arch_ace-editor/ace-builds/src-noconflict/theme-idle_fingers.js",
      "where": "client",
      "type": "asset",
      "cacheable": false,
      "url": "/packages/arch_ace-editor/ace-builds/src-noconflict/theme-idle_fingers.js",
      "size": 2505,
      "hash": "c3ced2ed46f0de647bae3b5c308c81ef654fa893"
    },
    {
      "path": "packages/arch_ace-editor/ace-builds/src-noconflict/theme-iplastic.js",
      "where": "client",
      "type": "asset",
      "cacheable": false,
      "url": "/packages/arch_ace-editor/ace-builds/src-noconflict/theme-iplastic.js",
      "size": 6784,
      "hash": "98ca49f341ba4e0b1f8256ed9d68b2f7f4c2076a"
    },
    {
      "path": "packages/arch_ace-editor/ace-builds/src-noconflict/theme-katzenmilch.js",
      "where": "client",
      "type": "asset",
      "cacheable": false,
      "url": "/packages/arch_ace-editor/ace-builds/src-noconflict/theme-katzenmilch.js",
      "size": 3434,
      "hash": "13db567b08f5e8549542e2d9e1e13ec88f1d2338"
    },
    {
      "path": "packages/arch_ace-editor/ace-builds/src-noconflict/theme-kr_theme.js",
      "where": "client",
      "type": "asset",
      "cacheable": false,
      "url": "/packages/arch_ace-editor/ace-builds/src-noconflict/theme-kr_theme.js",
      "size": 2569,
      "hash": "271fe2755faf383ea6afcd62f2b960cd4a7a26c6"
    },
    {
      "path": "packages/arch_ace-editor/ace-builds/src-noconflict/theme-kuroir.js",
      "where": "client",
      "type": "asset",
      "cacheable": false,
      "url": "/packages/arch_ace-editor/ace-builds/src-noconflict/theme-kuroir.js",
      "size": 2242,
      "hash": "bdf934479859f1b9ddad39762a4bee3c0624a548"
    },
    {
      "path": "packages/arch_ace-editor/ace-builds/src-noconflict/theme-merbivore.js",
      "where": "client",
      "type": "asset",
      "cacheable": false,
      "url": "/packages/arch_ace-editor/ace-builds/src-noconflict/theme-merbivore.js",
      "size": 2491,
      "hash": "bc982001c7db0e299ed8b0591849b0cad288e5d5"
    },
    {
      "path": "packages/arch_ace-editor/ace-builds/src-noconflict/theme-merbivore_soft.js",
      "where": "client",
      "type": "asset",
      "cacheable": false,
      "url": "/packages/arch_ace-editor/ace-builds/src-noconflict/theme-merbivore_soft.js",
      "size": 2705,
      "hash": "eaadbc2c1d231912b8c51aacd20b0b3d34739ff3"
    },
    {
      "path": "packages/arch_ace-editor/ace-builds/src-noconflict/theme-mono_industrial.js",
      "where": "client",
      "type": "asset",
      "cacheable": false,
      "url": "/packages/arch_ace-editor/ace-builds/src-noconflict/theme-mono_industrial.js",
      "size": 3070,
      "hash": "10c4541db6040c3a5436312872620ba88e0baae5"
    },
    {
      "path": "packages/arch_ace-editor/ace-builds/src-noconflict/theme-monokai.js",
      "where": "client",
      "type": "asset",
      "cacheable": false,
      "url": "/packages/arch_ace-editor/ace-builds/src-noconflict/theme-monokai.js",
      "size": 2650,
      "hash": "e0905805efae3481be9445e20481c060b20c3784"
    },
    {
      "path": "packages/arch_ace-editor/ace-builds/src-noconflict/theme-pastel_on_dark.js",
      "where": "client",
      "type": "asset",
      "cacheable": false,
      "url": "/packages/arch_ace-editor/ace-builds/src-noconflict/theme-pastel_on_dark.js",
      "size": 2914,
      "hash": "7dd35afec2246ad174bfd064daf233a4a3908ba9"
    },
    {
      "path": "packages/arch_ace-editor/ace-builds/src-noconflict/theme-solarized_dark.js",
      "where": "client",
      "type": "asset",
      "cacheable": false,
      "url": "/packages/arch_ace-editor/ace-builds/src-noconflict/theme-solarized_dark.js",
      "size": 2553,
      "hash": "939ee5cc7a627c6e42c13a7f1262b79c3be35cd9"
    },
    {
      "path": "packages/arch_ace-editor/ace-builds/src-noconflict/theme-solarized_light.js",
      "where": "client",
      "type": "asset",
      "cacheable": false,
      "url": "/packages/arch_ace-editor/ace-builds/src-noconflict/theme-solarized_light.js",
      "size": 2608,
      "hash": "f26f97e566d1e892c8432c8e942e5530d22ddba0"
    },
    {
      "path": "packages/arch_ace-editor/ace-builds/src-noconflict/theme-sqlserver.js",
      "where": "client",
      "type": "asset",
      "cacheable": false,
      "url": "/packages/arch_ace-editor/ace-builds/src-noconflict/theme-sqlserver.js",
      "size": 3236,
      "hash": "e57ffc2fe1adfe46526747193133bcb6af7f7628"
    },
    {
      "path": "packages/arch_ace-editor/ace-builds/src-noconflict/theme-terminal.js",
      "where": "client",
      "type": "asset",
      "cacheable": false,
      "url": "/packages/arch_ace-editor/ace-builds/src-noconflict/theme-terminal.js",
      "size": 3206,
      "hash": "4dfa15a5f0e154cbe9bd1743564cb8773b33c150"
    },
    {
      "path": "packages/arch_ace-editor/ace-builds/src-noconflict/theme-textmate.js",
      "where": "client",
      "type": "asset",
      "cacheable": false,
      "url": "/packages/arch_ace-editor/ace-builds/src-noconflict/theme-textmate.js",
      "size": 2910,
      "hash": "92e6821ecf493d7eb07abfd3b9a94883ea8dfc32"
    },
    {
      "path": "packages/arch_ace-editor/ace-builds/src-noconflict/theme-tomorrow.js",
      "where": "client",
      "type": "asset",
      "cacheable": false,
      "url": "/packages/arch_ace-editor/ace-builds/src-noconflict/theme-tomorrow.js",
      "size": 2838,
      "hash": "186d64ca80db8e3fe591d7487a5f1afe97cd8262"
    },
    {
      "path": "packages/arch_ace-editor/ace-builds/src-noconflict/theme-tomorrow_night.js",
      "where": "client",
      "type": "asset",
      "cacheable": false,
      "url": "/packages/arch_ace-editor/ace-builds/src-noconflict/theme-tomorrow_night.js",
      "size": 3101,
      "hash": "46a950bd0f38b887939fbb40f3a8bfadf526c06c"
    },
    {
      "path": "packages/arch_ace-editor/ace-builds/src-noconflict/theme-tomorrow_night_blue.js",
      "where": "client",
      "type": "asset",
      "cacheable": false,
      "url": "/packages/arch_ace-editor/ace-builds/src-noconflict/theme-tomorrow_night_blue.js",
      "size": 3308,
      "hash": "f3174edf26aef7c235d0c75b06cec3286cb9fe49"
    },
    {
      "path": "packages/arch_ace-editor/ace-builds/src-noconflict/theme-tomorrow_night_bright.js",
      "where": "client",
      "type": "asset",
      "cacheable": false,
      "url": "/packages/arch_ace-editor/ace-builds/src-noconflict/theme-tomorrow_night_bright.js",
      "size": 3803,
      "hash": "0f116dccd4e0e3d7342357a1c841d7cec446dc8c"
    },
    {
      "path": "packages/arch_ace-editor/ace-builds/src-noconflict/theme-tomorrow_night_eighties.js",
      "where": "client",
      "type": "asset",
      "cacheable": false,
      "url": "/packages/arch_ace-editor/ace-builds/src-noconflict/theme-tomorrow_night_eighties.js",
      "size": 3502,
      "hash": "0adecb132c2c108dc350ad393f7e39e98c80453c"
    },
    {
      "path": "packages/arch_ace-editor/ace-builds/src-noconflict/theme-twilight.js",
      "where": "client",
      "type": "asset",
      "cacheable": false,
      "url": "/packages/arch_ace-editor/ace-builds/src-noconflict/theme-twilight.js",
      "size": 2782,
      "hash": "64b72f4f51c6c6cd3c83b91b1ffce9b2d49ddf9c"
    },
    {
      "path": "packages/arch_ace-editor/ace-builds/src-noconflict/theme-vibrant_ink.js",
      "where": "client",
      "type": "asset",
      "cacheable": false,
      "url": "/packages/arch_ace-editor/ace-builds/src-noconflict/theme-vibrant_ink.js",
      "size": 2457,
      "hash": "8ed6caf7d0d436d3b403bd0ad424ea2486c627c8"
    },
    {
      "path": "packages/arch_ace-editor/ace-builds/src-noconflict/theme-xcode.js",
      "where": "client",
      "type": "asset",
      "cacheable": false,
      "url": "/packages/arch_ace-editor/ace-builds/src-noconflict/theme-xcode.js",
      "size": 2160,
      "hash": "81b0d41629f2ae86e1f34e0a30cd455b2f762853"
    },
    {
      "path": "packages/arch_ace-editor/ace-builds/src-noconflict/worker-coffee.js",
      "where": "client",
      "type": "asset",
      "cacheable": false,
      "url": "/packages/arch_ace-editor/ace-builds/src-noconflict/worker-coffee.js",
      "size": 225675,
      "hash": "30474f254460051555c7edca53bb6e51d9e2246e"
    },
    {
      "path": "packages/arch_ace-editor/ace-builds/src-noconflict/worker-css.js",
      "where": "client",
      "type": "asset",
      "cacheable": false,
      "url": "/packages/arch_ace-editor/ace-builds/src-noconflict/worker-css.js",
      "size": 297013,
      "hash": "1a94519ec9252e3e3f05162668205a3e24d48413"
    },
    {
      "path": "packages/arch_ace-editor/ace-builds/src-noconflict/worker-html.js",
      "where": "client",
      "type": "asset",
      "cacheable": false,
      "url": "/packages/arch_ace-editor/ace-builds/src-noconflict/worker-html.js",
      "size": 338253,
      "hash": "32b55423766192ef7d6174f3fdca3cde8342516b"
    },
    {
      "path": "packages/arch_ace-editor/ace-builds/src-noconflict/worker-javascript.js",
      "where": "client",
      "type": "asset",
      "cacheable": false,
      "url": "/packages/arch_ace-editor/ace-builds/src-noconflict/worker-javascript.js",
      "size": 345214,
      "hash": "c098d75205ee33d0c6ea95f6825c591924dfc157"
    },
    {
      "path": "packages/arch_ace-editor/ace-builds/src-noconflict/worker-json.js",
      "where": "client",
      "type": "asset",
      "cacheable": false,
      "url": "/packages/arch_ace-editor/ace-builds/src-noconflict/worker-json.js",
      "size": 72754,
      "hash": "cdf2cfd7d5ca3c62ba3578cc9e0f9156e60d53b2"
    },
    {
      "path": "packages/arch_ace-editor/ace-builds/src-noconflict/worker-lua.js",
      "where": "client",
      "type": "asset",
      "cacheable": false,
      "url": "/packages/arch_ace-editor/ace-builds/src-noconflict/worker-lua.js",
      "size": 105834,
      "hash": "da74986bb076af5a6b97dc761c26e2e3da561219"
    },
    {
      "path": "packages/arch_ace-editor/ace-builds/src-noconflict/worker-php.js",
      "where": "client",
      "type": "asset",
      "cacheable": false,
      "url": "/packages/arch_ace-editor/ace-builds/src-noconflict/worker-php.js",
      "size": 236390,
      "hash": "8d3309a4037cfb1c0a41d03b6face12516534a6d"
    },
    {
      "path": "packages/arch_ace-editor/ace-builds/src-noconflict/worker-xml.js",
      "where": "client",
      "type": "asset",
      "cacheable": false,
      "url": "/packages/arch_ace-editor/ace-builds/src-noconflict/worker-xml.js",
      "size": 112839,
      "hash": "591f770ebc7066c335f2f45860bccf737a9e1472"
    },
    {
      "path": "packages/arch_ace-editor/ace-builds/src-noconflict/worker-xquery.js",
      "where": "client",
      "type": "asset",
      "cacheable": false,
      "url": "/packages/arch_ace-editor/ace-builds/src-noconflict/worker-xquery.js",
      "size": 2804609,
      "hash": "02a899d5970ee23199f1b29bbdb01291f17706f2"
    },
    {
      "path": "app/32px.png",
      "where": "client",
      "type": "asset",
      "cacheable": false,
      "url": "/32px.png",
      "size": 3121,
      "hash": "4151a998d8982962d73e7be7594785288f8852a5"
    },
    {
      "path": "app/39px.png",
      "where": "client",
      "type": "asset",
      "cacheable": false,
      "url": "/39px.png",
      "size": 5593,
      "hash": "1c72ba485729cc8215b714b30fea9c7a7459c585"
    },
    {
      "path": "app/40px.png",
      "where": "client",
      "type": "asset",
      "cacheable": false,
      "url": "/40px.png",
      "size": 1880,
      "hash": "39c49e6287f610b64b352c7c1c0090241f9c50be"
    },
    {
      "path": "app/ajax-loader.gif",
      "where": "client",
      "type": "asset",
      "cacheable": false,
      "url": "/ajax-loader.gif",
      "size": 4178,
      "hash": "ead69b17ad0278e9311ba351cac3c9db13a87b1e"
    },
    {
      "path": "app/chosen-sprite.png",
      "where": "client",
      "type": "asset",
      "cacheable": false,
      "url": "/chosen-sprite.png",
      "size": 646,
      "hash": "d886410a411e2c493c9bde5bd69f33068d5a2c0b"
    },
    {
      "path": "app/chosen-sprite@2x.png",
      "where": "client",
      "type": "asset",
      "cacheable": false,
      "url": "/chosen-sprite@2x.png",
      "size": 872,
      "hash": "ca1d4154f4ad5d8ab9d4c1c498e1db3340f4bead"
    },
    {
      "path": "app/green.png",
      "where": "client",
      "type": "asset",
      "cacheable": false,
      "url": "/green.png",
      "size": 5064,
      "hash": "ae4db7a7db9a509425c10aa0da13160a734e27bb"
    },
    {
      "path": "app/green@2x.png",
      "where": "client",
      "type": "asset",
      "cacheable": false,
      "url": "/green@2x.png",
      "size": 7708,
      "hash": "8fa9859457f73735611008f1aabbb75b7c712000"
    },
    {
      "path": "app/img/jsoneditor-icons.svg",
      "where": "client",
      "type": "asset",
      "cacheable": false,
      "url": "/img/jsoneditor-icons.svg",
      "size": 36437,
      "hash": "8be066d7da6d31e8ea4ce2c353ed6846e1253ca2"
    },
    {
      "path": "app/logo/full_1.png",
      "where": "client",
      "type": "asset",
      "cacheable": false,
      "url": "/logo/full_1.png",
      "size": 94201,
      "hash": "05eefa8a6e3a3d3c3c4682ade5cf81abfe0d3fb9"
    },
    {
      "path": "app/logo/full_2.png",
      "where": "client",
      "type": "asset",
      "cacheable": false,
      "url": "/logo/full_2.png",
      "size": 47131,
      "hash": "7481ba8356949343253fc8a2ed96c53cc5403c0c"
    },
    {
      "path": "app/logo/full_3.png",
      "where": "client",
      "type": "asset",
      "cacheable": false,
      "url": "/logo/full_3.png",
      "size": 20542,
      "hash": "0db91cbf866c30463efa42e04025055559cffc79"
    },
    {
      "path": "app/logo/full_4.png",
      "where": "client",
      "type": "asset",
      "cacheable": false,
      "url": "/logo/full_4.png",
      "size": 9646,
      "hash": "4772451e76120863670e1bcc9ff186968d6efa37"
    },
    {
      "path": "app/logo/full_5.png",
      "where": "client",
      "type": "asset",
      "cacheable": false,
      "url": "/logo/full_5.png",
      "size": 5723,
      "hash": "1523dd8fb0ce30c798b15ad7e0da68ee3c710dee"
    },
    {
      "path": "app/logo/full_6.png",
      "where": "client",
      "type": "asset",
      "cacheable": false,
      "url": "/logo/full_6.png",
      "size": 2912,
      "hash": "b3c8a916e7288fa6c7f77de308a3139c871801f4"
    },
    {
      "path": "app/logo/head.icns",
      "where": "client",
      "type": "asset",
      "cacheable": false,
      "url": "/logo/head.icns",
      "size": 205452,
      "hash": "499458417daa85dd7a7aa8d0448fdeebdbebbb24"
    },
    {
      "path": "app/logo/head.ico",
      "where": "client",
      "type": "asset",
      "cacheable": false,
      "url": "/logo/head.ico",
      "size": 370070,
      "hash": "a7039e81b1733eaf2884335207c92a31afd254c6"
    },
    {
      "path": "app/logo/head_1.png",
      "where": "client",
      "type": "asset",
      "cacheable": false,
      "url": "/logo/head_1.png",
      "size": 130880,
      "hash": "4f807a0d780f66defd545f2a4e133c4fb6f85974"
    },
    {
      "path": "app/logo/head_2.png",
      "where": "client",
      "type": "asset",
      "cacheable": false,
      "url": "/logo/head_2.png",
      "size": 92168,
      "hash": "7162e83a1264c8f92f3272c7e27f6fd04fad3afb"
    },
    {
      "path": "app/logo/head_3.png",
      "where": "client",
      "type": "asset",
      "cacheable": false,
      "url": "/logo/head_3.png",
      "size": 42331,
      "hash": "2c2df16aa607cfd37433baae9d874c3427a599b2"
    },
    {
      "path": "app/logo/head_4.png",
      "where": "client",
      "type": "asset",
      "cacheable": false,
      "url": "/logo/head_4.png",
      "size": 30169,
      "hash": "c9e9d3e754288e376bc7e73978bfc8bbc63c3b87"
    },
    {
      "path": "app/logo/head_5.png",
      "where": "client",
      "type": "asset",
      "cacheable": false,
      "url": "/logo/head_5.png",
      "size": 9904,
      "hash": "3a36e830dc6b139002a92ef45abbe1882a5f6c87"
    },
    {
      "path": "app/logo/head_6.png",
      "where": "client",
      "type": "asset",
      "cacheable": false,
      "url": "/logo/head_6.png",
      "size": 4146,
      "hash": "c13f1e894c15ebc3740ae65b21f31de1a625be81"
    },
    {
      "path": "app/logo/head_7.png",
      "where": "client",
      "type": "asset",
      "cacheable": false,
      "url": "/logo/head_7.png",
      "size": 1823,
      "hash": "7cf5ec31ac4367ccfc8e5d1ed5337593fd4fd017"
    },
    {
      "path": "app/patterns/header-profile-skin-1.png",
      "where": "client",
      "type": "asset",
      "cacheable": false,
      "url": "/patterns/header-profile-skin-1.png",
      "size": 26278,
      "hash": "83590cfd5d1fc8af5159169c923954875ed9a8fb"
    },
    {
      "path": "app/patterns/header-profile-skin-2.png",
      "where": "client",
      "type": "asset",
      "cacheable": false,
      "url": "/patterns/header-profile-skin-2.png",
      "size": 28211,
      "hash": "57316a93c2d08a2cd1c4e554cfb5ac60309deb9f"
    },
    {
      "path": "app/patterns/header-profile-skin-3.png",
      "where": "client",
      "type": "asset",
      "cacheable": false,
      "url": "/patterns/header-profile-skin-3.png",
      "size": 33032,
      "hash": "159023146d37f155d4d15f5a12f49aa5fdba9807"
    },
    {
      "path": "app/patterns/header-profile.png",
      "where": "client",
      "type": "asset",
      "cacheable": false,
      "url": "/patterns/header-profile.png",
      "size": 5877,
      "hash": "72d193d0836dd341062daed9eb4569ea6a1ab644"
    },
    {
      "path": "app/patterns/otis_redding.png",
      "where": "client",
      "type": "asset",
      "cacheable": false,
      "url": "/patterns/otis_redding.png",
      "size": 10849,
      "hash": "ec39927cf2a33ce0a8a3f15dc2762b102d6c979a"
    },
    {
      "path": "app/patterns/shattered.png",
      "where": "client",
      "type": "asset",
      "cacheable": false,
      "url": "/patterns/shattered.png",
      "size": 137733,
      "hash": "18b2f8fea407a59e126008b9d1538166c0377f60"
    },
    {
      "path": "app/patterns/triangular.png",
      "where": "client",
      "type": "asset",
      "cacheable": false,
      "url": "/patterns/triangular.png",
      "size": 210,
      "hash": "80510a637a0251919108de3285bfc2f1a2f69e09"
    },
    {
      "path": "app/whats_new/auto-complete-settings-220.gif",
      "where": "client",
      "type": "asset",
      "cacheable": false,
      "url": "/whats_new/auto-complete-settings-220.gif",
      "size": 462389,
      "hash": "36104a8d08f4970ce73f6d718d733fefea9376e3"
    },
    {
      "path": "app/whats_new/prompting-credentials-220.gif",
      "where": "client",
      "type": "asset",
      "cacheable": false,
      "url": "/whats_new/prompting-credentials-220.gif",
      "size": 740256,
      "hash": "4e4986847861c85fbb37185174a13040d4462e4b"
    },
    {
      "path": "app/whats_new/reworked-dump-restore-220.gif",
      "where": "client",
      "type": "asset",
      "cacheable": false,
      "url": "/whats_new/reworked-dump-restore-220.gif",
      "size": 916551,
      "hash": "0b57fe5fb641734d7b473cba39ce5a6eb48ed907"
    },
    {
      "path": "app/whats_new/tweaks-220.gif",
      "where": "client",
      "type": "asset",
      "cacheable": false,
      "url": "/whats_new/tweaks-220.gif",
      "size": 620981,
      "hash": "7aa0bdea69132183ff410d534323bf6e598871b7"
    },
    {
      "path": "app/logo/new/image_only.png",
      "where": "client",
      "type": "asset",
      "cacheable": false,
      "url": "/logo/new/image_only.png",
      "size": 212497,
      "hash": "c741cfe90e220b29c0631db7947ba8325cfc252f"
    },
    {
      "path": "app/logo/new/image_with_text.png",
      "where": "client",
      "type": "asset",
      "cacheable": false,
      "url": "/logo/new/image_with_text.png",
      "size": 250581,
      "hash": "ec8ca4a9d7f9787fcada7768f4d76734cf1a1009"
    },
    {
      "path": "app/logo/new/image_with_text2.png",
      "where": "client",
      "type": "asset",
      "cacheable": false,
      "url": "/logo/new/image_with_text2.png",
      "size": 279028,
      "hash": "ac6b18b1a8ffab6e636578b85a2c430cfd3e21c9"
    },
    {
      "path": "app/logo/new/image_with_text3.png",
      "where": "client",
      "type": "asset",
      "cacheable": false,
      "url": "/logo/new/image_with_text3.png",
      "size": 283696,
      "hash": "1d9f0601ed9e92e80d71b607265115c340ae20b7"
    },
    {
      "path": "app/mongo/darwin/mongo",
      "where": "client",
      "type": "asset",
      "cacheable": false,
      "url": "/mongo/darwin/mongo",
      "size": 30537724,
      "hash": "40e9a77146597cbc1ff31fdb241f36e56bae5a1a"
    },
    {
      "path": "app/mongo/linux/mongo",
      "where": "client",
      "type": "asset",
      "cacheable": false,
      "url": "/mongo/linux/mongo",
      "size": 29404312,
      "hash": "5037e1071b0789f777bec366ab0a345c0b09e4a4"
    },
    {
      "path": "app/mongo/variety/variety.js_",
      "where": "client",
      "type": "asset",
      "cacheable": false,
      "url": "/mongo/variety/variety.js_",
      "size": 14624,
      "hash": "ab7dbc034d852a90b9c317fc2c86593cf565faae"
    },
    {
      "path": "app/mongo/win32/mongo.exe",
      "where": "client",
      "type": "asset",
      "cacheable": false,
      "url": "/mongo/win32/mongo.exe",
      "size": 11702272,
      "hash": "8b7cfde22cf31212ea31705933bea510dc81cef5"
    },
    {
      "path": "head.html",
      "where": "internal",
      "type": "head",
      "hash": "99417ff3b47ba1cfd4ac5b34071ea79f93190c89"
    }
  ]
}